cnpj,nome,tag_custodia,rating,confianca_enriq,evidencia_descricao,evidencia_fato,evidencia_url,site
21246584000150,"FOXBIT SOCIEDADE PRESTADORA DE SERVICOS DE ATIVOS VIRTUAIS LTDA","custodia_propria,custodia_terceirizada",75.6,1.0,"A Foxbit é uma corretora brasileira de criptomoedas pioneira, fundada em 2014, que oferece um ecossistema completo de soluções para compra, venda e custódia de mais de 100 criptoat",,,https://foxbit.com.br/
34882109000111,"TRANSFERO SOCIEDADE PRESTADORA DE SERVICOS DE ATIVOS VIRTUAIS (SPSAV) LTDA.",custodia_propria,74.7,1.0,"A Transfero é uma empresa brasileira que atua como infraestrutura financeira global, conectando serviços bancários, blockchain, liquidez e pagamentos para operações com ativos digi",,,https://transfero.com/
23351302000100,RIPIO,custodia_propria,74.6,1.0,"A Ripio Brasil é uma empresa de tecnologia cripto que oferece uma plataforma completa para compra, venda, custódia e gestão de mais de 100 ativos digitais, incluindo stablecoins pr","Site ativo (Ripio | Stablecoins, ramps e infraestructura para LATAM) menciona: ativos digitais, bitcoin, cripto, crypto, custodia, defi, digital assets, stablec",https://www.ripio.com/es,https://www.ripio.com/es
54049320000165,"ONDA FINANCE",custodia_propria,69.1,0.9,"A Onda Finance é uma fintech brasileira especializada em infraestrutura para pagamentos internacionais, liquidação em stablecoins e custódia de criptoativos. A empresa atua como So","A ONDA FINANCE é uma fintech brasileira especializada em infraestrutura para pagamentos internacionais, liquidação em stablecoins e custódia de criptoativos, se",https://www.livecoins.com.br/onda-finance-primeira-empresa-criptomoedas-autorizacao-banco-central/,https://ondafinance.com.br/
50224164000170,"AVENIA SOCIEDADE PRESTADORA DE SERVICOS DE ATIVOS VIRTUAIS LTDA",custodia_propria,68.3,0.9,"Avenia é uma empresa brasileira de infraestrutura para serviços financeiros, especializada em pagamentos transfronteiriços e stablecoins. Ela oferece soluções white-label que permi",,,https://avenia.io/
57599376000181,"BLIND PAY SOCIEDADE PRESTADORA DE SERVICOS DE ATIVOS VIRTUAIS LTDA",custodia_propria,68.2,0.9,"BLIND PAY SOCIEDADE PRESTADORA DE SERVICOS DE ATIVOS VIRTUAIS LTDA é uma provedora de infraestrutura de pagamentos globais baseada em stablecoins, permitindo que empresas realizem ",,,https://blindpay.com/
61533076000177,"PAYWARD BRASIL SOCIEDADE PRESTADORA DE SERVICOS DE ATIVOS VIRTUAIS LTDA",custodia_propria,68.0,1.0,"PAYWARD BRASIL SOCIEDADE PRESTADORA DE SERVICOS DE ATIVOS VIRTUAIS LTDA é a entidade brasileira da Kraken, uma das maiores e mais antigas exchanges de criptomoedas do mundo. A empr",,,https://www.kraken.com/
66643089000112,"WYNX FINANCE",custodia_propria,66.2,0.9,"Wynx Finance (razão social: WYNX EXCHANGE SOCIEDADE PRESTADORA DE SERVICOS DE ATIVOS VIRTUAIS S/A) é uma empresa brasileira que oferece uma plataforma de serviços financeiros para ",,,https://wynxfinance.com.br/
65024286000190,ONILX,custodia_propria,66.1,0.1,"ONILX SOCIEDADE PRESTADORA DE SERVICOS DE ATIVOS VIRTUAIS S.A. é uma empresa brasileira que atua no mercado de ativos virtuais, oferecendo serviços de intermediação, negociação, cu","A ONILX SOCIEDADE PRESTADORA DE SERVICOS DE ATIVOS VIRTUAIS S.A. é uma empresa brasileira que atua no mercado de ativos virtuais, oferecendo serviços de compra,",https://onilx.com.br/,https://onilx.com.br/
22268814000144,"COINBASE BRASIL SOCIEDADE PRESTADORA DE SERVICOS DE ATIVOS VIRTUAIS LTDA",custodia_propria,65.8,1.0,"A COINBASE BRASIL SOCIEDADE PRESTADORA DE SERVICOS DE ATIVOS VIRTUAIS LTDA é a entidade brasileira da Coinbase, estabelecida em 2023 para oferecer uma plataforma segura de compra, ",,,https://mouraocampos.com.br/
30359852000130,GOMONEY,custodia_propria,65.0,0.9,"GoMoney é uma fintech brasileira que oferece infraestrutura de pagamentos para empresas globais operarem no Brasil, permitindo aceitar pagamentos locais em BRL (incluindo PIX) e re","Site ativo (GoMoney) menciona: cripto, custodia",https://gomoney.me/,https://gomoney.me/
29242868000180,COINEXT,custodia_propria,64.5,1.0,"A Coinext foi uma corretora brasileira de criptomoedas que oferecia serviços de intermediação, custódia e staking de ativos virtuais. Em setembro de 2026, a empresa anunciou o ence","Site ativo (Coinext: Comprar Bitcoin e criptomoedas com segurança) menciona: ativos digitais, ativos virtuais, bitcoin, blockchain, btc, cripto, crypto, custodi",https://coinext.com.br/,https://coinext.com.br/
60483028000159,"ASA DIGITAL ASSETS SOCIEDADE PRESTADORA DE SERVICOS DE ATIVOS VIRTUAIS LTDA",custodia_propria,64.3,0.9,"A ASA Digital Assets é a unidade do grupo ASA dedicada a conectar investidores ao mercado de ativos digitais, oferecendo acesso seguro a criptomoedas e stablecoins. A plataforma pr","Site ativo (ASA | Gerando valor através de gerações) menciona: custodia, defi, digital assets",https://www.asa.com.br/,https://www.asa.com.br/
51802405000184,"BITSO SOCIEDADE PRESTADORA DE SERVICOS DE ATIVOS VIRTUAIS LTDA",custodia_propria,63.9,1.0,"A BITSO SOCIEDADE PRESTADORA DE SERVICOS DE ATIVOS VIRTUAIS LTDA é a entidade brasileira do grupo Bitso, uma plataforma financeira para a economia digital que oferece serviços de i",,,https://bhub.com/
68675443000116,"KAST SOCIEDADE PRESTADORA DE SERVICOS DE ATIVOS VIRTUAIS LTDA","custodia_propria,custodia_terceirizada",63.3,1.0,"KAST SOCIEDADE PRESTADORA DE SERVICOS DE ATIVOS VIRTUAIS LTDA é uma empresa de tecnologia financeira que oferece uma plataforma global baseada em stablecoins. Ela permite que indiv",,,https://www.kast.xyz/
46977494000160,"4PAY FINANCE",custodia_propria,62.9,0.9,"A 4PAY FINANCE é uma fintech brasileira que atua como prestadora de serviços de ativos virtuais, conectando o universo cripto às finanças do dia a dia. A empresa permite a compra e",,,https://4p.finance/
60773680000108,"FINBLOOM BRASIL PRESTADORA DE SERVICOS DE ATIVOS VIRTUAIS LTDA",custodia_propria,62.5,1.0,"A Finbloom Brasil é uma plataforma digital que permite a compra e venda de criptoativos com Reais, além de facilitar remessas internacionais utilizando criptomoedas. A empresa busc",,,https://globalbridgecs.com.br/
44342498000146,"NU CRYPTO  SOCIEDADE PRESTADORA DE SERVICOS DE ATIVOS VIRTUAIS LTDA",custodia_propria,61.8,1.0,"NU CRYPTO SOCIEDADE PRESTADORA DE SERVICOS DE ATIVOS VIRTUAIS LTDA é a entidade por trás do Nubank Cripto, a plataforma de criptoativos do Nubank. Ela atua como corretora de ativos","NU CRYPTO SOCIEDADE PRESTADORA DE SERVICOS DE ATIVOS VIRTUAIS LTDA é a entidade por trás do Nubank Cripto, uma plataforma que permite a compra, venda e custódia",,https://nubank.com.br
35491577000128,"BYBIT SOCIEDADE PRESTADORA DE SERVICOS DE ATIVOS VIRTUAIS LTDA",custodia_propria,61.3,0.9,"A BYBIT SOCIEDADE PRESTADORA DE SERVICOS DE ATIVOS VIRTUAIS LTDA é a entidade brasileira da exchange global Bybit, responsável por oferecer serviços de ativos virtuais no Brasil em",,,https://ilmbrazil.com/
34385695000199,AKIN,custodia_propria,61.0,0.9,"A AKIN S.A. é uma fintech brasileira que desenvolve infraestrutura financeira digital para o agronegócio, com foco em pagamentos, crédito e gestão de ativos virtuais. Sua principal",,,
12455479000130,"SANTANDER INVESTIMENTOS SOCIEDADE PRESTADORA DE SERVICOS DE ATIVOS VIRTUAIS SA",custodia_propria,59.7,0.9,"A SANTANDER INVESTIMENTOS SOCIEDADE PRESTADORA DE SERVICOS DE ATIVOS VIRTUAIS SA é a entidade do Santander Brasil responsável por operar com bitcoin e outras criptomoedas. Ela atua",,,https://www.toroinvestimentos.com.br:443/
64797796000138,"AMERICANS BUSINESS",custodia_propria,59.0,0.9,"Americans Business é uma sociedade prestadora de serviços de ativos virtuais brasileira que atua como exchange para compra, venda e movimentação de criptoativos. A empresa também o",,,https://www.americansbusiness.com.br/
61575252000133,"MASTERPAY SOLUCOES DIGITAIS",custodia_propria,58.7,1.0,"A MASTERPAY SOLUCOES DIGITAIS é uma sociedade prestadora de serviços de ativos virtuais (SPSAV) brasileira, com sede no Rio de Janeiro, focada na intermediação para conversão e liq",,,https://masterpay.com.br
49786191000158,"MAZZERA SOCIEDADE PRESTADORA DE SERVICOS DE ATIVOS VIRTUAIS SA",custodia_propria,57.6,0.9,"A Mazzera Sociedade Prestadora de Serviços de Ativos Virtuais S.A. é uma empresa brasileira que atua na intermediação de ativos virtuais, focando na conversão bidirecional entre US",,,https://mazzera.finance
61147857000123,"KUCOIN BRASIL",custodia_propria,56.6,1.0,"A KuCoin Brasil Sociedade Prestadora de Serviços de Ativos Virtuais Ltda. é uma Prestadora de Serviços de Ativos Virtuais (PSAV) que oferece serviços de intermediação e custódia de","A KUCOIN BRASIL SOCIEDADE PRESTADORA DE SERVICOS DE ATIVOS VIRTUAIS LTDA é uma Prestadora de Serviços de Ativos Virtuais (PSAV/VASP) no Brasil, oferecendo servi",,https://www.kucoin.com/pt
52006135000168,"CROSS INTERMEDIACAO",custodia_propria,56.1,0.9,"CROSS INTERMEDIACAO é uma Sociedade Prestadora de Serviços de Ativos Virtuais (SPSAV) brasileira, fundada em agosto de 2023, que atua na intermediação de compra e venda de criptoat",,,
66739170000109,"BYBIT BRASIL SOCIEDADE PRESTADORA DE SERVICOS DE ATIVOS VIRTUAIS LTDA",custodia_propria,55.8,0.9,"A BYBIT BRASIL SOCIEDADE PRESTADORA DE SERVICOS DE ATIVOS VIRTUAIS LTDA é a entidade local da exchange global Bybit no Brasil, buscando conformidade com as regulamentações para pre",,,https://ilmbrazil.com/
32113577000104,"BLOCKRIVER SOCIEDADE  PRESTADORA DE SERVICOS DE ATIVOS VIRTUAIS S/A",custodia_propria,55.6,1.0,"A BlockRiver é uma Prestadora de Serviços de Ativos Virtuais (PSAV) brasileira em processo de autorização junto ao Banco Central, focada em clientes institucionais. A empresa ofere",,,https://blockriver.com
62718268000110,"ITAU SOCIEDADE PRESTADORA DE SERVICOS DE ATIVOS VIRTUAIS LTDA",custodia_propria,54.6,0.9,"A ITAU SOCIEDADE PRESTADORA DE SERVICOS DE ATIVOS VIRTUAIS LTDA é a entidade do Itaú Unibanco que atua como Prestadora de Serviços de Ativos Virtuais (VASP) no Brasil. Ela oferece ","A ITAU SOCIEDADE PRESTADORA DE SERVICOS DE ATIVOS VIRTUAIS LTDA é a entidade do grupo Itaú Unibanco responsável pela Itaú Digital Assets, uma unidade de negócio",,
63083006000190,"1MONEY BRASIL SOCIEDADE PRESTADORA DE SERVICOS DE ATIVOS VIRTUAIS LTDA",custodia_propria,54.3,0.9,"A 1MONEY BRASIL SOCIEDADE PRESTADORA DE SERVICOS DE ATIVOS VIRTUAIS LTDA faz parte da plataforma global 1Money, que oferece serviços de pagamentos com stablecoins para empresas. A ",,,https://1money.com
61461894000101,"SUL GRANDE DIGITAL SOCIEDADE PRESTADORA DE SERVICOS DE ATIVOS VIRTUAIS LTDA",custodia_propria,52.5,0.9,"A SUL GRANDE DIGITAL SOCIEDADE PRESTADORA DE SERVICOS DE ATIVOS VIRTUAIS LTDA é uma provedora de serviços de ativos virtuais (VASP) incorporada no Brasil, que oferece serviços de n","A SUL GRANDE DIGITAL SOCIEDADE PRESTADORA DE SERVICOS DE ATIVOS VIRTUAIS LTDA é uma prestadora de serviços de ativos virtuais (VASP) brasileira que oferece serv",,https://sulgrande.com
31857323000120,"RIPPLE BRASIL",custodia_propria,52.3,0.8,"A RIPPLE BRASIL SOCIEDADE PRESTADORA DE SERVICOS DE ATIVO VIRTUAL LTDA é a entidade brasileira da Ripple, que está expandindo suas operações no país para oferecer uma plataforma in","A RIPPLE BRASIL SOCIEDADE PRESTADORA DE SERVICOS DE ATIVO VIRTUAL LTDA, operando como ""RIPPLE BRASIL"", é a representação local da provedora global de soluções b",,https://raleigh-corp.com.br/
59799474000198,"NEXOS GLOBAL",custodia_propria,51.4,0.9,"IKKB Brasil, também conhecida como NEXOS GLOBAL, é uma sociedade prestadora de serviços de ativos virtuais (PSAV) no Brasil. A empresa oferece infraestrutura financeira global para",,,https://ikkbglobal.com
62279050000107,"REDOTX (SAMBA) SOCIEDADE PRESTADORA DE SERVICOS DE ATIVOS VIRTUAIS LTDA",custodia_propria,51.3,1.0,"A REDOTX (SAMBA) SOCIEDADE PRESTADORA DE SERVICOS DE ATIVOS VIRTUAIS LTDA, operando sob a marca RedotPay, é uma empresa brasileira que conecta criptoativos com a vida real. Ela ofe",,,
60441260000124,"BC ACCESS BRASIL SOCIEDADE PRESTADORA DE SERVICOS DE ATIVOS VIRTUAIS LTDA",custodia_propria,50.7,0.9,"A BC ACCESS BRASIL SOCIEDADE PRESTADORA DE SERVICOS DE ATIVOS VIRTUAIS LTDA é a subsidiária brasileira do Blockchain.com Group, uma empresa de serviços financeiros de criptomoedas.",,,https://www.blockchain.com
64130790000102,"MADISON INTERMEDIACAO E CUSTODIA DE ATIVOS VIRTUAIS LTDA",custodia_propria,50.7,1.0,"A MADISON INTERMEDIACAO E CUSTODIA DE ATIVOS VIRTUAIS LTDA foi uma prestadora de serviços de ativos virtuais (VASP) no Brasil, atuando como corretora para intermediação e custódia ","A MADISON INTERMEDIACAO E CUSTODIA DE ATIVOS VIRTUAIS LTDA era uma prestadora de serviços de ativos virtuais (VASP) no Brasil, operando a plataforma online madi",,https://madison.digital
41586874000150,TRKBIT,custodia_propria,49.9,1.0,"TRKBIT é uma intermediadora de ativos virtuais brasileira que oferece serviços de corretagem para conversão de criptomoedas de forma direta, segura e intuitiva. A empresa foca em n",,,https://www.trkbit.co/
18997925000203,"FOXBIT INVEST",custodia_propria,47.3,1.0,"A FOXBIT OTC SOCIEDADE PRESTADORA DE SERVICOS DE ATIVOS VIRTUAIS LTDA, conhecida como Foxbit Invest, é a mesa de operações Over-the-Counter (OTC) do grupo Foxbit. Ela oferece servi",,,https://foxbit.com.br/
12541463000140,"ARCA ECO",custodia_propria,45.8,1.0,"A BTCBOX SOCIEDADE PRESTADORA DE SERVICOS DE ATIVOS VIRTUAIS LTDA, operando sob a marca BTCBOX, é uma empresa brasileira que oferece uma carteira e conta digital multiativos, permi",,,https://btcbox.com.br
63593618000122,"SPHERE BRASIL SOCIEDADE PRESTADORA DE SERVICOS DE ATIVOS VIRTUAIS LTDA",custodia_propria,42.9,1.0,"A SPHERE BRASIL SOCIEDADE PRESTADORA DE SERVICOS DE ATIVOS VIRTUAIS LTDA, operando como SpherePay, é uma empresa que atua como sistema operacional para a economia digital, focada e",,,https://spherepay.com
58277883000161,"WEBULL SOCIEDADE PRESTADORA DE SERVICOS DE ATIVOS VIRTUAIS LTDA.",custodia_terceirizada,64.1,0.9,"WEBULL SOCIEDADE PRESTADORA DE SERVICOS DE ATIVOS VIRTUAIS LTDA. (Webull SPSAV) é uma empresa brasileira que atua como intermediária para a negociação de criptoativos, em parceria ","Site ativo (Opções, Futuros, Ações e ETFs nos EUA - Webull) menciona: ativos virtuais, cripto, custodia, defi, exchange",https://www.webull.com.br/,https://www.webull.com.br/
60442459000177,"INTER DIGITAL ASSETS - SOCIEDADE PRESTADORA DE SERVICOS DE ATIVOS VIRTUAIS LTDA",custodia_terceirizada,62.7,0.9,"INTER DIGITAL ASSETS - SOCIEDADE PRESTADORA DE SERVICOS DE ATIVOS VIRTUAIS LTDA é uma subsidiária do Banco Inter, focada na oferta de serviços relacionados a ativos virtuais. Atrav",,,https://www.inter.co
63964774000152,"VELARO NETWORK SOCIEDADE PRESTADORA DE SERVICOS DE ATIVOS VIRTUAIS LTDA",custodia_terceirizada,62.4,1.0,"A Velaro Network é uma Prestadora de Serviços de Ativos Virtuais (VASP) brasileira, autorizada pelo Banco Central do Brasil, que oferece infraestrutura para pagamentos globais inst",,,https://bsos.co/
59505905000166,"REVOLUT BRASIL SOCIEDADE PRESTADORA DE SERVICOS E ATIVOS VIRTUAIS LTDA.",custodia_terceirizada,58.3,1.0,"A REVOLUT BRASIL SOCIEDADE PRESTADORA DE SERVICOS E ATIVOS VIRTUAIS LTDA. é a entidade responsável pelos serviços de criptoativos da Revolut no Brasil. Ela atua como uma intermediá",,,
63531029000110,"ALFRED PAY SOCIEDADE PRESTADORA DE SERVICOS DE ATIVOS VIRTUAIS LTDA",custodia_terceirizada,57.5,0.9,"ALFRED PAY SOCIEDADE PRESTADORA DE SERVICOS DE ATIVOS VIRTUAIS LTDA é uma empresa brasileira de infraestrutura de pagamentos que facilita transações transfronteiriças na América La",,,https://alfredpay.io
62692862000180,"AMBAR CAPITAL",custodia_terceirizada,55.9,0.9,"A Âmbar Capital é uma plataforma brasileira de gestão patrimonial focada em ativos tokenizados, oferecendo serviços de negociação de ativos digitais e soluções de custódia integrad",,,https://ambar.capital
62444884000120,"ANDX SOCIEDADE PRESTADORA DE SERVICOS DE ATIVOS VIRTUAIS LTDA",custodia_terceirizada,54.7,0.9,"ANDX SOCIEDADE PRESTADORA DE SERVICOS DE ATIVOS VIRTUAIS LTDA é a entidade brasileira da plataforma global AndX, que oferece um ecossistema para mercados de criptoativos e ativos d",,,
64509594000143,"OXUS INTERMEDIACAO DE ATIVOS VIRTUAIS LTDA",custodia_terceirizada,54.1,1.0,"A OXUS INTERMEDIACAO DE ATIVOS VIRTUAIS LTDA. é uma prestadora de serviços de ativos virtuais (SPSAV) no Brasil, focada em câmbio e remessas globais. A empresa oferece soluções de ",,,https://oxus.finance
