cnpj,razao_social,origem,nota,ativo,prioridade,aliases,site,url_produtos,url_blog,url_carreiras,gupy_slug,linkedin_url
63083006000190,1MONEY BRASIL SOCIEDADE PRESTADORA DE SERVICOS DE ATIVOS VIRTUAIS LTDA,SPSAV,A,1,1,1Money Brasil,https://1money.com,,,,,
46977494000160,4PAY FINANCE PRESTADORA DE SERVICOS DE ATIVOS VIRTUAIS LTDA,SPSAV,A,1,1,4Pay Finance,https://4p.finance/,,,,,https://linkedin.com/company/4p-finance
34385695000199,AKIN S.A. -  SOCIEDADE PRESTADORA DE SERVICOS DE ATIVOS VIRTUAIS,SPSAV,A,1,1,Akin,,,,,,
63531029000110,ALFRED PAY SOCIEDADE PRESTADORA DE SERVICOS DE ATIVOS VIRTUAIS LTDA,SPSAV,A,1,1,Alfred Pay,https://alfredpay.io,,,,,
62692862000180,AMBAR SOCIEDADE PRESTADORA DE SERVICOS DE ATIVOS VIRTUAIS LTDA,SPSAV,A,1,1,Ambar Capital | Ambar,https://ambar.capital,,,,,
64797796000138,AMERICANS BUSINESS SOCIEDADE PRESTADORA DE SERVICOS DE ATIVOS VIRTUAIS LTDA,SPSAV,A,1,1,Americans Business,https://americansbusiness.com.br,,,,,https://linkedin.com/company/americans-oficial
60483028000159,ASA DIGITAL ASSETS SOCIEDADE PRESTADORA DE SERVICOS DE ATIVOS VIRTUAIS LTDA,SPSAV,A,1,1,Asa Digital Assets,https://www.asa.com.br/,,,,,https://linkedin.com/company/asainvestments
60723612000134,AUREX PRESTADORA DE SERVICOS DE ATIVOS VIRTUAIS LTDA,SPSAV,A,1,1,Aurex Capital | Aurex,https://aurex.capital/,,,,,
50224164000170,AVENIA SOCIEDADE PRESTADORA DE SERVICOS DE ATIVOS VIRTUAIS LTDA,SPSAV,A,1,1,Avenia,https://avenia.io/,,,,,https://linkedin.com/company/avenia-io
55063975000150,AVOI SOCIEDADE PRESTADORA DE  SERVICOS DE ATIVOS VIRTUAIS LTDA,SPSAV,A,1,1,Avoi,https://avoi.com.br/,,,,,
41778759000187,BA GLOBAL DIGITAL SOLUTIONS - SOCIEDADE PRESTADORA DE SERVICOS DE ATIVOS VIRTUAIS LTDA,SPSAV,AA,1,1,Ba Global Digital Solutions,https://baglobal.com.br/,,,,,
00416968000101,BANCO INTER S.A.,INCUMBENTE,A,1,1,Banco Inter,,,,,,
62415233000102,BITHOPE SOCIEDADE PRESTADORA DE SERVICOS DE ATIVOS VIRTUAIS LTDA.,SPSAV,A,1,1,Bithope,https://bithope.com.br,,,,,
51802405000184,BITSO SOCIEDADE PRESTADORA DE SERVICOS DE ATIVOS VIRTUAIS LTDA,SPSAV,A,1,1,Bitso,https://bhub.com/,,,,,https://linkedin.com/company/bhub-ai
57599376000181,BLIND PAY SOCIEDADE PRESTADORA DE SERVICOS DE ATIVOS VIRTUAIS LTDA,SPSAV,A,1,1,Blind Pay,https://blindpay.com/,,,,,https://linkedin.com/company/blindpay
32113577000104,BLOCKRIVER SOCIEDADE  PRESTADORA DE SERVICOS DE ATIVOS VIRTUAIS S/A,SPSAV,A,1,1,Blockriver,https://blockriver.com,,,,,
54473288000140,BLOXTRADE CAPITAL SOCIEDADE PRESTADORA DE SERVICOS DE ATIVOS VIRTUAIS LTDA,SPSAV,A,1,1,Bloxtrade Capital,,,,,,
63732836000109,BTGT BRASIL SOCIEDADE  PRESTADORA DE SERVICOS DE  ATIVOS VIRTUAIS LTDA,SPSAV,A,1,1,Btgt Brasil,https://globalbridgecs.com.br/,,,,,https://linkedin.com/company/106877639
35491577000128,BYBIT SOCIEDADE PRESTADORA DE SERVICOS DE ATIVOS VIRTUAIS LTDA,SPSAV,A,1,1,Bybit,https://ilmbrazil.com/,,,,,https://linkedin.com/company/il-management-services
22268814000144,COINBASE BRASIL SOCIEDADE PRESTADORA DE SERVICOS DE ATIVOS VIRTUAIS LTDA,SPSAV,A,1,1,Coinbase Brasil,https://mouraocampos.com.br/,,,,,https://linkedin.com/company/mourao-campos-group
29242868000180,COINEXT SOCIEDADE PRESTADORA DE SERVICOS DE ATIVOS VIRTUAIS S.A,SPSAV,A,1,1,Coinext,https://coinext.com.br/,,,,,https://linkedin.com/company/coinext
52006135000168,CROSS SOCIEDADE PRESTADORA DE SERVICOS DE ATIVOS VIRTUAIS LTDA,SPSAV,A,1,1,Cross Intermediacao | Cross,,,,,,
59386340000145,CROWN SOCIEDADE PRESTADORA DE SERVICOS DE ATIVOS VIRTUAIS LTDA,SPSAV,A,1,1,Crown,https://brl.xyz/,,,,,
33967103000184,DEMERGE BRASIL PRESTADORA DE SERVICOS DE ATIVOS VIRTUAIS E PAGAMENTOS LTDA,SPSAV,A,1,1,Demerge Brasil E Pagamentos,https://www.dlocal.com/,,,,,https://linkedin.com/company/dlocal
13059145000100,EBURY BANCO DE CÂMBIO S.A.,INCUMBENTE,A,1,1,Ebury Bank | Ebury Banco De Cambio,https://br.ebury.com,,,,,
60773680000108,FINBLOOM BRASIL PRESTADORA DE SERVICOS DE ATIVOS VIRTUAIS LTDA,SPSAV,A,1,1,Finbloom Brasil,https://globalbridgecs.com.br/,,,,,https://linkedin.com/company/106877639
24536770000111,FLGE SOCIEDADE PRESTADORA DE SERVICOS DE ATIVOS VIRTUAIS LTDA,SPSAV,A,1,1,Flge,https://mnadv.com.br,,,,,
21246584000150,FOXBIT SOCIEDADE PRESTADORA DE SERVICOS DE ATIVOS VIRTUAIS LTDA,SPSAV,AA,1,1,Foxbit | Foxbit Exchange,https://foxbit.com.br/,,,https://foxbit.gupy.io,foxbit,https://linkedin.com/company/foxbit
30359852000130,GOMONEY PRESTADORA DE SERVICOS DE ATIVOS VIRTUAIS LTDA,SPSAV,A,1,1,Gomoney,https://gomoney.me/,,,,,
60442459000177,INTER DIGITAL ASSETS - SOCIEDADE PRESTADORA DE SERVICOS DE ATIVOS VIRTUAIS LTDA,SPSAV,A,1,1,Inter Digital Assets,https://www.inter.co,,,,,
68675443000116,KAST SOCIEDADE PRESTADORA DE SERVICOS DE ATIVOS VIRTUAIS LTDA,SPSAV,A,1,1,Kast,https://kastcard.com,,,,,https://linkedin.com/company/kastxyz
61147857000123,KUCOIN BRASIL SOCIEDADE PRESTADORA DE SERVICOS DE ATIVOS VIRTUAIS LTDA,SPSAV,A,1,1,Kucoin Brasil,https://www.kucoin.com/pt,,,,,
62193348000108,LH SOCIEDADE PRESTADORA DE SERVICOS  DE ATIVOS VIRTUAIS LTDA,SPSAV,A,1,1,Lh Servicos Digitais,,,,,,
42887120000100,LUMX SOCIEDADE PRESTADORA DE SERVICOS DE ATIVOS VIRTUAIS LTDA,SPSAV,A,1,1,Lumx,https://lumx.io,,,,,
61575252000133,MASTERPAY SOCIEDADE  PRESTADORA DE SERVICOS DE ATIVOS VIRTUAIS LTDA,SPSAV,A,1,1,Masterpay Solucoes Digitais | Masterpay,https://masterpay.com.br,,,,,
49786191000158,MAZZERA SOCIEDADE PRESTADORA DE SERVICOS DE ATIVOS VIRTUAIS SA,SPSAV,A,1,1,Mazzera,https://mazzera.finance,,,,,
61831688000146,MT DIGITAL ASSETS SOCIEDADE PRESTADORA DE SERVICOS DE ATIVOS VIRTUAIS LTDA,SPSAV,A,1,1,Mt Digital Assets,,,,,,
44342498000146,NU CRYPTO  SOCIEDADE PRESTADORA DE SERVICOS DE ATIVOS VIRTUAIS LTDA,SPSAV,A,1,1,Nu Crypto,https://nubank.com.br,,,,,https://www.linkedin.com/company/nubank
54049320000165,ONDA FINANCE SOCIEDADE PRESTADORA DE SERVICOS DE ATIVOS VIRTUAIS LTDA,SPSAV,A,1,1,Onda Finance,https://ondafinance.com.br/,,,,,
65024286000190,ONILX SOCIEDADE PRESTADORA DE SERVICOS DE ATIVOS VIRTUAIS S.A.,SPSAV,A,1,1,Onilx,https://onilx.com.br,,,,,https://linkedin.com/company/onilx
34406986000116,ORBIT SOCIEDADE PRESTADORA DE SERVICOS DE ATIVOS VIRTUAIS S.A.,SPSAV,A,1,1,Orbit,,,,,,
61533076000177,PAYWARD BRASIL SOCIEDADE PRESTADORA DE SERVICOS DE ATIVOS VIRTUAIS LTDA,SPSAV,A,1,1,Payward Brasil,https://www.kraken.com/,,,,,https://linkedin.com/company/krakenfx
34770882000196,PETRUS SOFTWARE SOCIEDADE PRESTADORA DE SERVICOS DE ATIVOS VIRTUAIS LTDA,SPSAV,A,1,1,Petrus Software,https://rbsa.com.br/,,,,,
62082830000162,PFPAY SOCIEDADE PRESTADORA DE SERVICOS DE ATIVOS VIRTUAIS LTDA,SPSAV,A,1,1,Pfpay Servicos Digitais | Pfpay,,,,,,
59505905000166,REVOLUT BRASIL SOCIEDADE PRESTADORA DE SERVICOS E ATIVOS VIRTUAIS LTDA.,SPSAV,A,1,1,Revolut Brasil Sociedade Prestadora De Servicos E Ativos Virtuais,https://revolut.com,,,,,
23351302000100,RIPIO BRASIL SOCIEDADE PRESTADORA DE SERVICOS DE ATIVOS VIRTUAIS LTDA.,SPSAV,AA,1,1,Ripio | Ripio Brasil,https://www.ripio.com/es,,,,,https://linkedin.com/company/ripio
65913436000117,SAFRA ASSET CORRETORA DE TÍTULOS E VALORES MOBILIÁRIOS S.A.,INCUMBENTE,A,1,1,Safra Asset,https://safra.com.br,,,,,
12455479000130,SANTANDER INVESTIMENTOS SOCIEDADE PRESTADORA DE SERVICOS DE ATIVOS VIRTUAIS SA,SPSAV,A,1,1,Santander Investimentos,https://www.toroinvestimentos.com.br:443/,,,,,
34882109000111,TRANSFERO SOCIEDADE PRESTADORA DE SERVICOS DE ATIVOS VIRTUAIS (SPSAV) LTDA.,SPSAV,AA,1,1,Transfero (Spsav),https://transfero.com/,,,,,https://linkedin.com/company/transfero-group
34278950000102,URBAN SOCIEDADE PRESTADORA DE SERVICOS DE ATIVOS VIRTUAIS LTDA,SPSAV,A,1,1,Urban Crypto Exchange | Urban,https://urbanexchange.com.br,,,,,
63964774000152,VELARO NETWORK SOCIEDADE PRESTADORA DE SERVICOS DE ATIVOS VIRTUAIS LTDA,SPSAV,A,1,1,Velaro Network,https://bsos.co/,,,,,https://linkedin.com/company/bsos-tech
58277883000161,WEBULL SOCIEDADE PRESTADORA DE SERVICOS DE ATIVOS VIRTUAIS LTDA.,SPSAV,A,1,1,Webull,https://www.webull.com.br/,,,,,
66643089000112,WYNX EXCHANGE SOCIEDADE PRESTADORA DE SERVICOS DE ATIVOS VIRTUAIS S/A,SPSAV,A,1,1,Wynx Finance | Wynx Exchange,https://wynxfinance.com.br,,,,,
44782130000107,ACTUAL DISTRIBUIDORA DE TÍTULOS E VALORES MOBILIÁRIOS S.A.,INCUMBENTE,BBB,1,2,Actual Dtvm | Actual,https://actualdtvm.com.br,,,,,
63555912000140,AMERICA BITCOIN PROVEDOR DE SERVICOS DE ATIVOS VIRTUAIS LTDA,SPSAV,BBB,1,2,America Bitcoin | America Bitcoin Provedor De,,,,,,
62444884000120,ANDX SOCIEDADE PRESTADORA DE SERVICOS DE ATIVOS VIRTUAIS LTDA,SPSAV,BBB,1,2,Andx,https://andx.com.br,,,,,
13486793000142,APEX GROUP DISTRIBUIDORA DE TÍTULOS E VALORES MOBILIÁRIOS S.A.,INCUMBENTE,BBB,1,2,Apex Group,https://apexgroup.com,,,,,
67226778000194,APOIO ADMINISTRATIVO VIRTUAL LTDA,SPSAV,BB,1,2,Apoio Administrativo Virtual,,,,,,
63221886000113,ARCADIUM ATIVOS VIRTUAIS LTDA,SPSAV,BBB,1,2,Arcadium Ativos Virtuais,https://legalbr.com.br/,,,,,https://linkedin.com/company/legalbr
61843560000100,ARKHAM MERCADOS BRASIL SOCIEDADE PRESTADORA DE SERVICOS ATIVOS VIRTUAIS LTDA,SPSAV,BBB,1,2,Arkham Mercados Brasil Sociedade Prestadora De Servicos Ativos Virtuais,https://globalbridgecs.com.br/,,,,,https://linkedin.com/company/106877639
33775974000104,"ATIVA INVESTIMENTOS S.A. CORRETORA DE TÍTULOS, CÂMBIO E VALORES",INCUMBENTE,BBB,1,2,Ativa Investimentos | Ativa Investimentos S.A. Corretora De Titulos Cambio E Valores,https://ativainvestimentos.com.br,,,,,
50153417000162,ATIVO VIRTUAL LTDA,SPSAV,BBB,1,2,Ativo Virtual,https://www.ativovirtual.com.br/avnews/,,,,,
55644044000146,AURIX SOCIEDADE PRESTADORA DE SERVICOS DE ATIVOS VIRTUAIS LTDA,SPSAV,BBB,1,2,Aurix Digital Assets | Aurix,,,,,,
58757692000105,AURUM NEXUS PRESTADORA DE SERVICOS DE ATIVOS VIRTUAIS LTDA,SPSAV,BB,1,2,Aurum Nexus,https://ilmbrazil.com/,,,,,https://linkedin.com/company/il-management-services
61863834000115,AXIOMA SOCIEDADE PRESTADORA DE SERVICOS DE ATIVOS VIRTUAIS LIMITADA,SPSAV,BBB,1,2,Axioma Limitada,,,,,,
71027866000134,BANCO BS2 S.A.,INCUMBENTE,BBB,1,2,Banco Bs2,https://bancobs2.com.br,,,,,
07237373000120,BANCO DO NORDESTE DO BRASIL S.A.,INCUMBENTE,BBB,1,2,Banco Do Nordeste Do Brasil,https://bnb.gov.br,,,,,
07679404000100,BANCO TOPÁZIO S.A.,INCUMBENTE,BBB,1,2,Banco Topazio,https://bancotopazio.com.br,,,,,
64206564000168,BASELAYER ATIVOS VIRTUAIS LTDA,SPSAV,BBB,1,2,Baselayer | Baselayer Ativos Virtuais,https://base-l.tech/,,,,,
68627500000191,BBRASIL SOCIEDADE PRESTADORA DE SERVICOS DE ATIVOS VIRTUAIS LTDA,SPSAV,BBB,1,2,Bbrasil,https://binance.com,,,,,
60441260000124,BC ACCESS BRASIL SOCIEDADE PRESTADORA DE SERVICOS DE ATIVOS VIRTUAIS LTDA,SPSAV,BBB,1,2,Bc Access Brasil,https://www.blockchain.com,,,,,
63649282000172,BITCAIXA SOCIEDADE PRESTADORA DE SERVICOS DE ATIVOS VIRTUAIS LTDA,SPSAV,BBB,1,2,Bitcaixa,https://coopera.finance/,,,,,
11873099000152,BP SERVICOS ADMINISTRATIVOS VIRTUAIS LTDA,SPSAV,BBB,1,2,E@Sy | Bp Servicos Administrativos Virtuais,,,,,,
62920001000101,BRD DIGITAL PRESTADORA DE SERVICOS DE ATIVOS VIRTUAIS S.A.,SPSAV,BBB,1,2,Brd Capital | Brd Digital,https://goldconsultoria.com.br/,,,,,
62450774000171,BREY ATIVOS VIRTUAIS LTDA,SPSAV,BB,1,2,Brey Ativos Virtuais,https://lessajunior.com.br,,,,,
32713557000166,BRFENIX GESTAO DE ATIVOS VIRTUAIS LTDA,SPSAV,BBB,1,2,Brfenix Gestao De Ativos Virtuais,https://metareal-es.com.br,,,,,
48452053000170,BROKER BTC PRESTADORA DE SERVICOS DE ATIVOS VIRTUAIS LTDA,SPSAV,BBB,1,2,Broker Btc,,,,,,
12541463000140,BTCBOX SOCIEDADE PRESTADORA DE SERVICOS DE ATIVOS VIRTUAIS LTDA,SPSAV,BBB,1,2,Arca Eco | Btcbox,https://btcbox.com.br,,,,,
66739170000109,BYBIT BRASIL SOCIEDADE PRESTADORA DE SERVICOS DE ATIVOS VIRTUAIS LTDA,SPSAV,BBB,1,2,Bybit Brasil,https://il-management.com.br,,,,,https://linkedin.com/company/il-management-services
51039021000151,CADEMARTORI Z SOCIEDADE  PRESTADORA DE SERVICOS DE ATIVOS VIRTUAIS LTDA,SPSAV,BBB,1,2,Cademartori Z Solucoes | Cademartori Z,,,,,,
63526006000117,CAPITAL BITCOIN PROVEDOR DE SERVICOS DE ATIVOS VIRTUAIS LTDA,SPSAV,BBB,1,2,Capital Bitcoin | Capital Bitcoin Provedor De,,,,,,
41429692000175,CARBONO ZERO SOCIEDADE PRESTADORA DE SERVICOS DE ATIVOS VIRTUAIS LTDA,SPSAV,BBB,1,2,Carbono Zero,,,,,,
63212923000127,CBS PRESTADORA DE SERVICOS DE ATIVOS VIRTUAIS LTDA,SPSAV,BBB,1,2,,,,,,,
68837035000113,CIRCLE DO BRASIL SOCIEDADE PRESTADORA DE SERVICOS DE ATIVOS VIRTUAIS LTDA,SPSAV,BBB,1,2,Circle Do Brasil,,,,,,
25201916000130,COMERCIO DE BRINQUEDOS E ARTIGOS RECREATIVOS VIRTUAIS ARES GAMES EIRELI,SPSAV,BBB,1,2,Ares Games | Comercio De Brinquedos E Artigos Recreativos Virtuais Ares Games,,,,,,
09523978000102,CONVERGE SERVICOS CORPORATIVOS VIRTUAIS LTDA,SPSAV,BBB,1,2,Converge Coworking | Converge Servicos Corporativos Virtuais,https://torrens.com.br,,,,,
60425036000149,CVS ATIVOS VIRTUAIS LTDA,SPSAV,BBB,1,2,Cvs Ativos Virtuais,https://cvsativosvirtuais.com.br,,,,,
61469681000126,D.A. SOCIEDADE PRESTADORA DE SERVICOS DE ATIVOS VIRTUAIS LTDA,SPSAV,BBB,1,2,,,,,,,
62058634000152,EL DORADO BRASIL SOCIEDADE PRESTADORA DE SERVICOS DE ATIVOS VIRTUAIS LTDA,SPSAV,BBB,1,2,El Dorado Brasil,https://globalbridgecs.com.br/,,,,,https://linkedin.com/company/106877639
28499395000138,ETTICA PRESTADORA DE SERVICOS DE ATIVOS VIRTUAIS LTDA,SPSAV,BBB,1,2,Ettica,https://fastcom.com.br/,,,,,
58887276000113,EVO GATEWAY SOCIEDADE PRESTADORA DE ATIVOS VIRTUAIS LTDA,SPSAV,BBB,1,2,Evo Gateway Sociedade Prestadora De Ativos Virtuais,https://korpay.com.br,,,,,
33744682000104,F.M. GESTAO DE ATIVOS VIRTUAIS LTDA,SPSAV,BBB,1,2,Jhonny X Management | F.M. Gestao De Ativos Virtuais,,,,,,
63190445000100,FIDUCIAE PRESTADORA DE SERVICOS DE ATIVOS VIRTUAIS LTDA,SPSAV,BBB,1,2,Fiduciae,,,,,,
62873133000120,FIREBIT DIGITAL ASSETS - SOCIEDADE PRESTADORA DE SERVICOS DE ATIVOS VIRTUAIS LTDA,SPSAV,BBB,1,2,Firebit Digital Assets,https://cscgrupo.com,,,,,
66760664000167,FLOWBRIDGE DIGITAL SERVICOS DE ATIVOS VIRTUAIS LTDA,SPSAV,BB,1,2,Flowbridge Digital,https://rwtci.com,,,,,
18997925000203,FOXBIT OTC SOCIEDADE PRESTADORA DE SERVICOS DE ATIVOS VIRTUAIS LTDA,SPSAV,BBB,1,2,Foxbit Invest | Foxbit Otc,https://foxbit.com.br/,,,,,https://linkedin.com/company/foxbit
15651522000120,FRUTTO MARKETING CORPORATIVO VIRTUAL LTDA,SPSAV,BBB,1,2,Frutto Marketing Corporativo | Frutto Marketing Corporativo Virtual,,,,,,
62850442000184,GABRIELLO SOCIEDADE PRESTADORA DE SERVICOS DE ATIVOS VIRTUAIS LTDA,SPSAV,BBB,1,2,Gabriello Intermediacao | Gabriello,,,,,,
46532664000100,GATE SOCIEDADE PRESTADORA DE SERVICOS DE ATIVOS VIRTUAIS LTDA.,SPSAV,BBB,1,2,Gate,,,,,,
52137227000187,GE & GI - APOIO ADMINISTRATIVO VIRTUAL LTDA,SPSAV,BBB,1,2,Ge & Gi - Apoio Administrativo Virtual,https://jaffe.com.br,,,,,
21040668000132,GLOBAL EXCHANGE DO BRASIL SOCIEDADE CORRETORA DE CÂMBIO LTDA.,INCUMBENTE,BBB,1,2,Global Exchange Foreing Exchange Services | Global Exchange Do Brasil Sociedade,https://globalexchange.br.com,,,,,
68234708000140,ICICLE CROSS BR SOCIEDADE PRESTADORA DE SERVICOS DE ATIVOS VIRTUAIS LTDA,SPSAV,BBB,1,2,Icicle Cross Br,,,,,,
59799474000198,IKKB BRASIL SOCIEDADE PRESTADORA DE SERVICOS DE  ATIVOS VIRTUAIS LTDA.,SPSAV,BBB,1,2,Nexos Global | Ikkb Brasil,https://ikkbglobal.com,,,,,
55068588000107,INFINITE ATIVOS VIRTUAIS LTDA,SPSAV,BBB,1,2,Infinite Ativos Virtuais,https://www.infiniteativosvirtuais.com.br,,,,,
18945670000146,INTER DISTRIBUIDORA DE TITULOS E VALORES MOBILIARIOS LTDA,INCUMBENTE,BBB,1,2,Inter Dtvm | Inter,https://bancointer.com.br,,,,,
64820101000191,ISTI3 SOCIEDADE PRESTADORA DE ATIVOS VIRTUAIS LTDA,SPSAV,BBB,1,2,Isti3 Sociedade Prestadora De Ativos Virtuais,https://vaspisti3.com,,,,,
65524917000130,ISTI3 SOCIEDADE PRESTADORA DE ATIVOS VIRTUAIS LTDA,SPSAV,BBB,1,2,Isti3 Sociedade Prestadora De Ativos Virtuais,https://vaspisti3.com,,,,,
61194353000164,ITAU CORRETORA DE VALORES S.A.,INCUMBENTE,BBB,1,2,Itau Corretora De Valores,https://itau-unibanco.com.br,,,,,
62718268000110,ITAU SOCIEDADE PRESTADORA DE SERVICOS DE ATIVOS VIRTUAIS LTDA,SPSAV,BBB,1,2,Itau,https://itau-unibanco.com.br,,,,,
64809125000140,JYAL SOCIEDADE PRESTADORA DE ATIVOS VIRTUAIS LTDA,SPSAV,BBB,1,2,Jyal Sociedade Prestadora De Ativos Virtuais,https://jullyana-jyal.com,,,,,
63083023000127,KEYROCK BRASIL SOCIEDADE PRESTADORA DE SERVICOS DE ATIVOS VIRTUAIS LTDA,SPSAV,BBB,1,2,Keyrock Brasil,https://keyrock.eu,,,,,
63539643000128,LIQUID GOLD PRESTADORA DE SERVICOS DE ATIVOS VIRTUAIS LTDA,SPSAV,BBB,1,2,Liquid Gold,https://liquidgold.com.br/,,,,,
64094715000133,M OLIVEIRA SERVICOS E ATIVOS VIRTUAIS LTDA,SPSAV,BBB,1,2,M Oliveira Servicos E Ativos Virtuais,,,,,,
32988500000170,M5 ADMINISTRACAO DE ATIVOS VIRTUAIS LTDA,SPSAV,BBB,1,2,M5 Administracao De Ativos Virtuais,,,,,,
64130790000102,MADISON INTERMEDIACAO E CUSTODIA DE ATIVOS VIRTUAIS LTDA,SPSAV,BBB,1,2,Madison Intermediacao E Custodia De Ativos Virtuais,https://madison.digital,,,,,
35335402000121,MAMORU SOCIEDADE PRESTADORA DE SERVICOS DE ATIVOS VIRTUAIS LTDA,SPSAV,BBB,1,2,Mamoru,https://apcapitalinvestment.com,,,,,
25041824000130,MDAC INFORMATIVO VIRTUAL EIRELI,SPSAV,BBB,1,2,Em Foco Web | Mdac Informativo Virtual,,,,,,
62800565000100,MINTEO BRASIL SOCIEDADE PRESTADORA DE SERVICOS DE ATIVOS VIRTUAIS LTDA,SPSAV,BB,1,2,Minteo Brasil,https://www.mplegal.com.br/,,,,,https://linkedin.com/in/cesar-madeira-padovesi-978162222
62847235000170,MONETH DIGITAL ASSETS - SOCIEDADE PRESTADORA DE SERVICOS DE ATIVOS VIRTUAIS LTDA,SPSAV,BBB,1,2,Moneth Digital Assets,https://cscgrupo.com,,,,,
64687332000179,MTPSV SOCIEDADE PRESTADORA DE SERVICOS DE ATIVOS VIRTUAIS LTDA,SPSAV,BBB,1,2,Mtpsv,https://matera.com,,,,,https://linkedin.com/company/matera
33498107000160,MULTIPLA CAPITAL GESTAO DE ATIVOS VIRTUAIS LTDA,SPSAV,BBB,1,2,Multipla Capital Gestao De Ativos Virtuais,https://multipla.capital.com.br,,,,,
28540196000126,MVM SOCIEDADE PRESTADORA DE SERVICOS DE ATIVOS VIRTUAIS LTDA,SPSAV,BBB,1,2,Mvmcripto.Com,https://mvmcripto.com,,,,,
62168961000167,NEO ATIVOS VIRTUAIS LTDA,SPSAV,BBB,1,2,Neo Ativos Virtuais,https://neo.investments/,,,,,
64434163000165,NORA FINANCE PRESTADORA DE SERVICOS DE ATIVOS VIRTUAIS LTDA,SPSAV,BBB,1,2,Nora Finance,https://r2agestao.com.br/,,,,,https://linkedin.com/company/r2a-gest%C3%A3o-compartilhada-ltda
04257795000179,NOVA FUTURA CORRETORA DE TÍTULOS E VALORES MOBILIÁRIOS LTDA.,INCUMBENTE,BBB,1,2,Nova Futura Investimentos | Nova Futura,https://novafutura.com.br,,,,,
60437366000154,NOVAONE FINANCIAL SOCIEDADE PRESTADORA DE SERVICOS DE ATIVOS VIRTUAIS LTDA,SPSAV,BBB,1,2,Novaone Financial,https://globalbridgecs.com.br/,,,,,https://linkedin.com/company/106877639
62873489000163,OBSIDIAN VIRTUAL ASSETS SOCIEDADE PRESTADORA DE SERVICOS DE ATIVOS VIRTUAIS LTDA,SPSAV,BBB,1,2,Obsidian Virtual Assets,,,,,,
61467531000183,ONYOU STUDIO CRIATIVO VIRTUAL LTDA,SPSAV,BBB,1,2,Onyou Studio Digital | Onyou Studio Criativo Virtual,,,,,,
03631568000107,ORIGEM 465 SERVICOS DE ATIVOS VIRTUAIS LTDA,SPSAV,BB,1,2,Origem 465,https://www.origem465.com,,,,,
62845739000151,OSL BRASIL SOCIEDADE PRESTADORA DE SERVICOS DE ATIVOS VIRTUAIS LTDA,SPSAV,BBB,1,2,Osl Brasil,https://globalbridgecs.com.br/,,,,,https://linkedin.com/company/106877639
64509594000143,OXUS INTERMEDIACAO DE ATIVOS VIRTUAIS LTDA,SPSAV,BBB,1,2,Oxus Intermediacao De Ativos Virtuais,https://corujalabs.io,,,,,
68673659000142,PAGKRIPTO SOCIEDADE PRESTADORA DE SERVICOS DE ATIVOS VIRTUAIS LTDA,SPSAV,BBB,1,2,Pagkripto,https://blmconsultoria.com.br,,,,,
63241646000180,PAYFI SOCIEDADE PRESTADORA DE SERVICOS DE ATIVOS VIRTUAIS LTDA.,SPSAV,BBB,1,2,Payfi,,,,,,
33845586000144,PILLAR TRADERS CAPACITACAO EM ANALISE DE ATIVOS VIRTUAIS LTDA,SPSAV,BBB,1,2,Pillar Traders Learning | Pillar Traders Capacitacao Em Analise De Ativos Virtuais,https://metareal-es.com.br,,,,,
51981233000153,PIXNOW SOCIEDADE PRESTADORA DE SERVICOS DE ATIVOS VIRTUAIS LTDA,SPSAV,BBB,1,2,Coopera | Pixnow,https://coopera.finance/,,,,,
60755434000123,PIXUS GLOBAL SOCIEDADE PRESTADORA DE SERVICOS DE ATIVOS VIRTUAIS LTDA,SPSAV,BBB,1,2,Pixus Global,https://pixusglobal.com,,,,,
51074135000132,PLATAFORMA 32 SERVICOS DE ATIVOS VIRTUAIS LTDA,SPSAV,BBB,1,2,Plataforma 32,https://www.approvedlegal.com.br/,,,,,https://linkedin.com/company/approved-paralegal
51074637000163,PLATAFORMA 33 SERVICOS DE ATIVOS VIRTUAIS LTDA,SPSAV,BBB,1,2,Plataforma 33,https://approvedlegal.com.br,,,,,
51074757000160,PLATAFORMA 34 SERVICOS DE ATIVOS VIRTUAIS LTDA,SPSAV,BBB,1,2,Plataforma 34,https://www.approvedlegal.com.br/,,,,,https://linkedin.com/company/approved-paralegal
51074905000147,PLATAFORMA 35 SERVICOS DE ATIVOS VIRTUAIS LTDA,SPSAV,BBB,1,2,Plataforma 35,https://www.approvedlegal.com.br/,,,,,https://linkedin.com/company/approved-paralegal
51074834000182,PLATAFORMA 36 SERVICOS DE ATIVOS VIRTUAIS LTDA,SPSAV,BBB,1,2,Plataforma 36,https://www.approvedlegal.com.br/,,,,,https://linkedin.com/company/approved-paralegal
51074796000168,PLATAFORMA 37 SERVICOS DE ATIVOS VIRTUAIS LTDA,SPSAV,BBB,1,2,Plataforma 37,https://www.approvedlegal.com.br/,,,,,https://linkedin.com/company/approved-paralegal
51074720000132,PLATAFORMA 38 SERVICOS DE ATIVOS VIRTUAIS LTDA,SPSAV,BBB,1,2,Plataforma 38,https://www.approvedlegal.com.br/,,,,,https://linkedin.com/company/approved-paralegal
51074351000188,PLATAFORMA 39 SERVICOS DE ATIVOS VIRTUAIS LTDA,SPSAV,BBB,1,2,Plataforma 39,https://approvedlegal.combr,,,,,
51074068000156,PLATAFORMA 40 SERVICOS DE ATIVOS VIRTUAIS LTDA,SPSAV,BBB,1,2,Plataforma 40,https://www.approvedlegal.com.br/,,,,,https://linkedin.com/company/approved-paralegal
51074727000154,PLATAFORMA 41 SERVICOS DE ATIVOS VIRTUAIS LTDA,SPSAV,BBB,1,2,Plataforma 41,https://www.approvedlegal.com.br/,,,,,https://linkedin.com/company/approved-paralegal
51074989000119,PLATAFORMA 42 SERVICOS DE ATIVOS VIRTUAIS LTDA,SPSAV,BBB,1,2,Plataforma 42,https://www.approvedlegal.com.br/,,,,,https://linkedin.com/company/approved-paralegal
51075077000161,PLATAFORMA 43 SERVICOS DE ATIVOS VIRTUAIS LTDA,SPSAV,BBB,1,2,Plataforma 43,https://www.approvedlegal.com.br/,,,,,https://linkedin.com/company/approved-paralegal
51075495000159,PLATAFORMA 44 SERVICOS DE ATIVOS VIRTUAIS LTDA,SPSAV,BBB,1,2,Plataforma 44,https://approvedlegal.com.br,,,,,
63653001000155,PONTE GLOBAL SOCIEDADE PRESTADORA DE SERVICOS DE ATIVOS VIRTUAIS LTDA,SPSAV,BBB,1,2,Ponte Global,https://manteca.dev,,,,,
63216323000137,PROPHEX ATIVOS VIRTUAIS LTDA,SPSAV,BBB,1,2,Prophex Ativos Virtuais,https://lucasprim.com/,,,,,
16614207000196,R A V ASSUNCAO ESCRITORIO ADMINISTRATIVO VIRTUAL,SPSAV,BBB,1,2,A E Z Consultoria E Assessoria Empresarial | R A V Assuncao Escritorio Administrativo Virtual,,,,,,
62279050000107,REDOTX (SAMBA) SOCIEDADE PRESTADORA DE SERVICOS DE ATIVOS VIRTUAIS LTDA,SPSAV,BBB,1,2,Redotx (Samba),https://redotpay.com,,,,,
17635177000167,REMITLY CORRETORA DE CÂMBIO LTDA.,INCUMBENTE,BBB,1,2,Remitly,https://remitly.com,,,,,
31857323000120,RIPPLE BRASIL SOCIEDADE PRESTADORA DE SERVICOS DE ATIVO VIRTUAL LTDA,SPSAV,BBB,1,2,Ripple Brasil | Ripple Brasil Sociedade Prestadora De Servicos De Ativo Virtual,https://raleigh-corp.com.br/,,,,,https://linkedin.com/company/raleighcorp
38143963000117,RMC SOCIEDADE PRESTADORA DE SERVICOS DE ATIVOS VIRTUAIS LTDA,SPSAV,BBB,1,2,Zynxx Global,https://www.zynxxglobal.com/,,,,,
64813461000166,S2S SOCIEDADE PRESTADORA DE SERVICOS DE ATIVOS VIRTUAIS LTDA,SPSAV,BBB,1,2,,https://exchange2s.com,,,,,
45031765000127,SCHUTZ TECNOLOGIA E GESTAO DE ATIVOS VIRTUAIS LTDA,SPSAV,BBB,1,2,Schutz Tecnologia E Investimentos | Schutz Tecnologia E Gestao De Ativos Virtuais,https://schutzinvestments.com.br,,,,,
68757681000170,SIMPAUL CORRETORA DE CAMBIO E VALORES MOBILIARIOS  S.A.,INCUMBENTE,BBB,1,2,Simpaul E Valores Mobiliarios,https://simpaul.com.br,,,,,
60896598000170,SLAB TOKEN SOCIEDADE PRESTADORA DE SERVICOS DE ATIVOS VIRTUAIS LTDA,SPSAV,BBB,1,2,Slab Token,https://slabassets.com,,,,,
64509033000144,SMART SWAPS INTERMEDIACAO DE ATIVOS VIRTUAIS LTDA,SPSAV,BBB,1,2,Smart Swaps Intermediacao De Ativos Virtuais,https://sallesnogueira.com.br/,,,,,https://linkedin.com/company/salles-nogueira-advogados
49273085000170,SOL SERVICOS ADMINISTRATIVOS VIRTUAIS LTDA,SPSAV,BB,1,2,Rc Facil Taboao Da Serra | Sol Servicos Administrativos Virtuais,,,,,,
63593618000122,SPHERE BRASIL SOCIEDADE PRESTADORA DE SERVICOS DE ATIVOS VIRTUAIS LTDA,SPSAV,BBB,1,2,Sphere Brasil,https://spherepay.com,,,,,
62551927000177,SRM EXCHANGE SOCIEDADE PRESTADORA DE SERVICOS DE ATIVOS VIRTUAIS LTDA,SPSAV,BB,1,2,Srm Exchange,https://srmcapital.com.br/,,,,,
61461894000101,SUL GRANDE DIGITAL SOCIEDADE PRESTADORA DE SERVICOS DE ATIVOS VIRTUAIS LTDA,SPSAV,BBB,1,2,Sul Grande Digital,https://sulgrande.com,,,,,
64319477000117,TGW BRAZIL SOCIEDADE PRESTADORA DE SERVICOS DE ATIVOS VIRTUAIS LTDA,SPSAV,BBB,1,2,Tgw Brazil,https://redbishops.com,,,,,
64072882000183,THE GLOBAL SOUTH (BRASIL) SOCIEDADE PRESTADORA DE SERVICOS DE ATIVOS VIRTUAIS LTDA,SPSAV,BBB,1,2,The Global South (Brasil),https://globalbridgecs.com.br/,,,,,https://linkedin.com/company/106877639
33261770000147,TRADER TARGET ADMINISTRACAO DE ATIVOS VIRTUAIS LTDA,SPSAV,BBB,1,2,Trader Target | Trader Target Administracao De Ativos Virtuais,,,,,,
62280490000184,TRADERS DISTRIBUIDORA DE TÍTULOS E VALORES MOBILIÁRIOS LTDA.,INCUMBENTE,BBB,1,2,Dibran | Traders,https://mesquitacont.com.br,,,,,
04289288000117,TRAMOIA INFORMATIVO VIRTUAL LTDA,SPSAV,BBB,1,2,Tramoia | Tramoia Informativo Virtual,https://tramoia.com.br,,,,,
41586874000150,TRKBIT SOCIEDADE PRESTADORA DE SERVICOS DE ATIVOS VIRTUAIS LTDA,SPSAV,BBB,1,2,Trkbit,https://www.trkbit.co/,,,,,
62740005000108,TRUST EXCHANGE SOCIEDADE PRESTADORA DE SERVICOS DE ATIVOS VIRTUAIS LTDA,SPSAV,BB,1,2,Trust Exchange,https://srmcapital.com.br/,,,,,
51060346000116,TWO TWENTY SIX SERVICOS DE ATIVOS VIRTUAIS LTDA,SPSAV,BBB,1,2,Two Twenty Six,,,,,,
22373678000152,UNION CAPITAL SOCIEDADE PRESTADORA DE SERVICOS DE ATIVOS VIRTUAIS LTDA,SPSAV,BBB,1,2,Union Capital,,,,,,
63241334000177,V FIALDINI CRIPTO SOCIEDADE PRESTADORA DE SERVICOS DE ATIVOS VIRTUAIS LTDA,SPSAV,BBB,1,2,V Fialdini Cripto,https://fialdiniadvogados.com.br,,,,,https://linkedin.com/company/fialdini-advogados
63145230000169,VAULTUM PRESTADORA DE SERVICOS DE ATIVOS VIRTUAIS LTDA,SPSAV,BB,1,2,Vaultum,https://valoski.com.br/,,,,,
60440284000169,VELCO BRASIL SOCIEDADE PRESTADORA DE SERVICOS DE ATIVOS VIRTUAIS LTDA,SPSAV,BB,1,2,Velco Brasil,https://www.mplegal.com.br/,,,,,https://linkedin.com/in/cesar-madeira-padovesi-978162222
62356016000199,WB SOCIEDADE PRESTADORA DE SERVICOS DE ATIVOS VIRTUAIS LTDA,SPSAV,BBB,1,2,,https://whitebit.com,,,,,
59794320000103,XEND SOCIEDADE PRESTADORA DE SERVICOS DE ATIVOS VIRTUAIS LTDA,SPSAV,BBB,1,2,Xend,https://xend.forex,,,,,
05389174000101,XP SERVIÇOS FINANCEIROS DTVM LTDA,INCUMBENTE,BBB,1,2,Xp Servicos Financeiros Dtvm,https://modal.com.br,,,,,
63945921000147,YELLOW SUBMARINE SOCIEDADE PRESTADORA DE SERVICOS DE ATIVOS VIRTUAIS LTDA,SPSAV,BB,1,2,Yellow Submarine,https://serpacpl.com.br/,,,,,https://linkedin.com/company/serpac-servi%C3%A7os-paralegais-ltda.
61304707000186,ZIMBA SOCIEDADE PRESTADORA DE SERVICOS DE ATIVOS VIRTUAIS LTDA,SPSAV,BBB,1,2,Zimba,https://gowd.com/,,,,,https://linkedin.com/company/gowdoficial
76621457000185,4UM DISTRIBUIDORA DE TÍTULOS E VALORES MOBILIÁRIOS S.A.,INCUMBENTE,BB,0,3,4Um Investimentos,https://4um.com.br,,,,,
33817677000176,ABC BRASIL DISTRIBUIDORA DE TÍTULOS E VALORES MOBILIÁRIOS S.A.,INCUMBENTE,B,0,3,Abc Brasil,https://abcbrasil.com.br,,,,,
44527444000155,ABN AMRO CLEARING CORRETORA DE TÍTULOS E VALORES MOBILIÁRIOS LTDA.,INCUMBENTE,B,0,3,Abn Amro Clearing,https://abnamroclearing.com,,,,,
43050917000103,"ACTIVTRADES CORRETORA DE CÂMBIO, TÍTULOS E VALORES MOBILIÁRIOS LTDA.",INCUMBENTE,BB,0,3,Activtrades Titulos E Valores Mobiliarios,https://activtrades.com,,,,,
00250699000148,AGK CORRETORA DE CAMBIO S.A.,INCUMBENTE,B,0,3,,https://agkcorretora.com.br,,,,,
62178421000164,ALFA CORRETORA DE CAMBIO E VALORES MOBILIARIOS S.A.,INCUMBENTE,BB,0,3,Alfa E Valores Mobiliarios,https://safra.com.br,,,,,
17312661000155,AMARIL FRANKLIN CORRETORA DE TÍTULOS E VALORES LTDA,INCUMBENTE,B,0,3,Amaril Franklin Corretora De Titulos E Valores,https://amarilfranklin.com.br,,,,,
67600379000141,ANDBANK DISTRIBUIDORA DE TÍTULOS E VALORES MOBILIÁRIOS LTDA.,INCUMBENTE,B,0,3,Andbank Dtvm | Andbank,,,,,,
36864992000142,APEX DISTRIBUIDORA DE TÍTULOS E VALORES MOBILIÁRIOS S.A.,INCUMBENTE,BB,0,3,Maf Dtvm | Apex,https://apexgroup.com,,,,,
04684647000130,"ARC CORRETORA DE CAMBIO, ASSOCIADOS GOUVEIA, CAMPEDELLI S.A.",INCUMBENTE,B,0,3,Arc Associados Gouveia Campedelli,https://arccorretora.com.br,,,,,
44323831000170,ATUAL SOCIEDADE CORRETORA DE CÂMBIO LTDA,INCUMBENTE,BB,0,3,Atual Cambio | Atual Sociedade,,,,,,
61384004000105,AVENUE SECURITIES BANCO DE INVESTIMENTO S.A.,INCUMBENTE,B,0,3,Avenue Investment Bank Avenue Bank | Avenue Securities Banco De Investimento,https://avenue.us,,,,,
25280945000135,AVS SOCIEDADE CORRETORA DE CÂMBIO LTDA.,INCUMBENTE,B,0,3,Avs Sociedade,,,,,,
18684408000195,AZIMUT BRASIL DISTRIBUIDORA DE TÍTULOS E VALORES MOBILIÁRIOS LTDA,INCUMBENTE,BB,0,3,Azimut Brasil Dtvm | Azimut Brasil,https://azimutwealth.com.br,,,,,
40434681000110,AZUMI DISTRIBUIDORA DE TÍTULOS E VALORES MOBILIÁRIOS LTDA.,INCUMBENTE,B,0,3,Azumi,https://assetbank.com.br,,,,,
28195667000106,BANCO ABC BRASIL S.A.,INCUMBENTE,BB,0,3,Banco Abc Brasil,https://abcbrasil.com.br,,,,,
03532415000102,BANCO ABN AMRO CLEARING S.A.,INCUMBENTE,B,0,3,Banco Abn Amro Clearing,https://abnamroclearing.com,,,,,
04814563000174,BANCO AFINZ S.A. - BANCO MÚLTIPLO,INCUMBENTE,BB,0,3,Banco Afinz | Banco Afinz S.A. - Banco Multiplo,https://afinz.com.br,,,,,
10664513000150,BANCO AGIBANK S.A.,INCUMBENTE,BB,0,3,Banco Agibank,https://agi.com.br,,,,,
60770336000165,BANCO ALFA DE INVESTIMENTO S.A.,INCUMBENTE,BB,0,3,Banco Alfa De Investimento,https://safra.com.br,,,,,
03323840000183,BANCO ALFA S.A.,INCUMBENTE,BB,0,3,Banco Alfa,https://safra.com.br,,,,,
48795256000169,BANCO ANDBANK (BRASIL) S.A.,INCUMBENTE,B,0,3,Andbank | Banco Andbank (Brasil),https://andbank.com.br,,,,,
54403563000150,BANCO ARBI S.A.,INCUMBENTE,B,0,3,Banco Arbi,https://bancoarbi.com.br,,,,,
00997185000150,BANCO B3 S.A.,INCUMBENTE,BB,0,3,Banco B3,https://b3.com.br,,,,,
10866788000177,BANCO BANDEPE S.A.,INCUMBENTE,B,0,3,Bandepe | Banco Bandepe,https://targetlaw.com.br,,,,,
00556603000174,BANCO BARI DE INVESTIMENTOS E FINANCIAMENTOS S.A.,INCUMBENTE,B,0,3,Banco Bari De Investimentos E Financiamentos,https://bancobari.com.br,,,,,
15124464001159,BANCO BESA S.A.,INCUMBENTE,B,0,3,Banco Besa,https://btgpactual.com,,,,,
50585090000106,BANCO BMG CONSIGNADO S.A.,INCUMBENTE,B,0,3,Bmg Consignado | Banco Bmg Consignado,https://bancobmg.com.br,,,,,
61186680000174,BANCO BMG S.A.,INCUMBENTE,B,0,3,Banco Bmg,https://bancobmg.com.br,,,,,
62421979000129,BANCO BMG SOLUÇÕES FINANCEIRAS S.A.,INCUMBENTE,B,0,3,Banco Bmg Solucoes Financeiras,https://bancobmg.com.br,,,,,
01522368000182,BANCO BNP PARIBAS BRASIL S.A.,INCUMBENTE,BB,0,3,Bnp Brasil | Banco Bnp Paribas Brasil,https://br.bnpparibas.com,,,,,
15114366000169,BANCO BOCOM BBM S.A.,INCUMBENTE,B,0,3,Banco Bocom Bbm,https://bocombbm.com.br,,,,,
04184779000101,BANCO BRADESCARD S.A.,INCUMBENTE,B,0,3,Banco Bradescard,,,,,,
06271464000119,BANCO BRADESCO BBI S.A.,INCUMBENTE,BB,0,3,Banco Bradesco Bbi,,,,,,
33147315000115,BANCO BRADESCO BERJ S.A.,INCUMBENTE,B,0,3,Berj | Banco Bradesco Berj,https://bradescoberj.com.br,,,,,
07207996000150,BANCO BRADESCO FINANCIAMENTOS S.A.,INCUMBENTE,B,0,3,Banco Bradesco Financiamentos,,,,,,
60746948000112,BANCO BRADESCO S.A.,INCUMBENTE,B,0,3,Bradesco Est Unif | Banco Bradesco,,,,,,
01852137000137,BANCO BRASILEIRO DE CRÉDITO SOCIEDADE ANÔNIMA,INCUMBENTE,B,0,3,Banco Brasileiro De Credito,https://jsl.com.br,,,,,
30306294000145,BANCO BTG PACTUAL S.A.,INCUMBENTE,B,0,3,Banco Btg Pactual,https://btgpactual.com,,,,,
01858774000110,BANCO BV S.A.,INCUMBENTE,BB,0,3,Banco Bv,,,,,,
61348538000186,BANCO C6 CONSIGNADO S.A.,INCUMBENTE,BB,0,3,Banco C6 Consignado,https://c6bank.com,,,,,
31872495000172,BANCO C6 S.A.,INCUMBENTE,BB,0,3,Banco C6,https://c6bank.com,,,,,
33466988000138,BANCO CAIXA GERAL - BRASIL S.A.,INCUMBENTE,B,0,3,Banco Caixa Geral - Brasil,https://bcgbrasil.com.br,,,,,
03609817000150,BANCO CARGILL S.A.,INCUMBENTE,B,0,3,Banco Cargill,https://cargill.com,,,,,
02658435000153,BANCO CATERPILLAR S.A.,INCUMBENTE,B,0,3,Banco Caterpillar,https://cat.com,,,,,
33132044000124,BANCO CEDULA S.A.,INCUMBENTE,B,0,3,Banco Cedula,,,,,,
33479023000180,BANCO CITIBANK S.A.,INCUMBENTE,B,0,3,Banco Citibank,https://citi.com,,,,,
31597552000152,BANCO CLASSICO S.A.,INCUMBENTE,B,0,3,Banco Classico,https://bancoclassico.com.br,,,,,
02992446000175,BANCO CNH INDUSTRIAL CAPITAL S.A.,INCUMBENTE,B,0,3,Banco Cnh Industrial Capital,https://cnhind.com,,,,,
02038232000164,BANCO COOPERATIVO SICOOB S.A. - BANCO SICOOB,INCUMBENTE,B,0,3,Banco Sicoob | Banco Cooperativo Sicoob S.A. - Banco Sicoob,https://sicoob.com.br,,,,,
01181521000155,BANCO COOPERATIVO SICREDI S.A.,INCUMBENTE,BB,0,3,Banco Cooperativo Sicredi,https://sicredi.com.br,,,,,
61033106000186,BANCO CREFISA S.A.,INCUMBENTE,B,0,3,Banco Crefisa,https://crefisa.com.br,,,,,
75647891000171,BANCO CRÉDIT AGRICOLE BRASIL S.A.,INCUMBENTE,B,0,3,Banco Credit Agricole Brasil,https://ca-cib.com,,,,,
08357240000150,BANCO CSF S.A.,INCUMBENTE,B,0,3,Banco Csf,https://carrefour.com,,,,,
04902979000144,BANCO DA AMAZONIA S.A.,INCUMBENTE,B,0,3,Basa Direcao Geral | Banco Da Amazonia,https://bancoamazonia.com.br,,,,,
10690848000143,BANCO DA CHINA BRASIL S.A.,INCUMBENTE,BB,0,3,Bank Of China Brasil | Banco Da China Brasil,https://boc-brazil.com,,,,,
62232889000190,BANCO DAYCOVAL S.A.,INCUMBENTE,B,0,3,Banco Daycoval,,,,,,
33987793000133,BANCO DE INVESTIMENTOS UBS (BRASIL) S.A.,INCUMBENTE,BB,0,3,Banco De Investimentos Ubs (Brasil),https://ubs.com,,,,,
33042151000161,BANCO DE LA NACION ARGENTINA,INCUMBENTE,B,0,3,Banco De La Nacion Argentina,,,,,,
44189447000126,BANCO DE LA PROVINCIA DE BUENOS AIRES,INCUMBENTE,B,0,3,Banco De La Provincia De Buenos Aires,,,,,,
05040481000182,BANCO DE LAGE LANDEN BRASIL S.A.,INCUMBENTE,B,0,3,Banco Dll Brasil | Banco De Lage Landen Brasil,https://dllgroup.com,,,,,
92874270000140,BANCO DIGIMAIS S.A.,INCUMBENTE,B,0,3,Banco Digimais,https://bancodigimais.com.br,,,,,
27098060000145,BANCO DIGIO S.A.,INCUMBENTE,B,0,3,Banco Digio,https://digio.com.br,,,,,
00000000000191,BANCO DO BRASIL S.A.,INCUMBENTE,B,0,3,Direcao Geral | Banco Do Brasil,https://bb.com.br,,,,,
13009717000146,BANCO DO ESTADO DE SERGIPE S.A.,INCUMBENTE,B,0,3,Banese | Banco Do Estado De Sergipe,https://banese.com.br,,,,,
04913711000108,BANCO DO ESTADO DO PARÁ S.A.,INCUMBENTE,B,0,3,Banpara | Banco Do Estado Do Para,https://banparanet.com.br,,,,,
92702067000196,BANCO DO ESTADO DO RIO GRANDE DO SUL S.A.,INCUMBENTE,B,0,3,Banrisul | Banco Do Estado Do Rio Grande Do Sul,https://banrisul.com.br,,,,,
33644196000106,BANCO FATOR S.A.,INCUMBENTE,B,0,3,Banco Fator,,,,,,
58616418000108,BANCO FIBRA S.A.,INCUMBENTE,B,0,3,Banco Fibra,https://bancofibra.com.br,,,,,
11758741000152,BANCO FINAXIS S.A.,INCUMBENTE,B,0,3,Banco Finaxis,https://finaxis.com.br,,,,,
45246410000155,BANCO GENIAL S.A.,INCUMBENTE,BB,0,3,Banco Genial,https://genial.com.vc,,,,,
59274605000113,BANCO GM S.A.,INCUMBENTE,B,0,3,Banco Gm,https://gmfinancial.com,,,,,
31880826000116,BANCO GUANABARA S.A.,INCUMBENTE,B,0,3,Banco Guanabara,https://bancoguanabara.com.br,,,,,
03634220000165,BANCO HONDA S.A.,INCUMBENTE,B,0,3,Banco Honda,https://honda.com.br,,,,,
53518684000184,BANCO HSBC S.A.,INCUMBENTE,BB,0,3,Banco Hsbc,,,,,,
30172491000119,BANCO HYUNDAI CAPITAL BRASIL S.A.,INCUMBENTE,B,0,3,Banco Hyundai Capital Brasil,https://br.hcs.com,,,,,
34270520000136,BANCO IBM S.A.,INCUMBENTE,B,0,3,Banco Ibm,https://br.ibm.com,,,,,
04866275000163,BANCO INBURSA S.A.,INCUMBENTE,B,0,3,Banco Inbursa,https://inbursa.com,,,,,
33588252000132,BANCO INDUSCRED DE INVESTIMENTO S.A.,INCUMBENTE,BB,0,3,Banco Induscred De Investimento,https://bancoinduscred.com.br,,,,,
31895683000116,BANCO INDUSTRIAL DO BRASIL S.A.,INCUMBENTE,B,0,3,Banco Industrial Do Brasil,https://bib.com.br,,,,,
61182408000116,BANCO INVESTCRED UNIBANCO S.A.,INCUMBENTE,B,0,3,Banco Investcred Unibanco,https://itau-unibanco.com.br,,,,,
60394079000104,BANCO ITAUBANK S.A.,INCUMBENTE,BB,0,3,Banco Itaubank,https://itau-unibanco.com.br,,,,,
17192451000170,BANCO ITAUCARD S.A.,INCUMBENTE,BB,0,3,Itaucard Financeira | Banco Itaucard,https://itau-unibanco.com.br,,,,,
61190658000106,BANCO ITAÚ VEÍCULOS S.A.,INCUMBENTE,BB,0,3,Banco Itau Veiculos,https://itau-unibanco.com.br,,,,,
03017677000120,BANCO J. SAFRA S.A.,INCUMBENTE,BB,0,3,Banco J. Safra,https://safra.com.br,,,,,
33172537000198,BANCO J.P. MORGAN S.A.,INCUMBENTE,BB,0,3,Jpmorgan | Banco J.P. Morgan,,,,,,
91884981000132,BANCO JOHN DEERE S.A.,INCUMBENTE,B,0,3,Banco John Deere,https://bancojohndeere.com.br,,,,,
07656500000125,BANCO KDB DO BRASIL S.A.,INCUMBENTE,B,0,3,Banco Kdb Do Brasil,https://bancokdb.com.br,,,,,
02318507000113,BANCO KEB HANA DO BRASIL S.A.,INCUMBENTE,B,0,3,Banco Keb Hana Do Brasil,,,,,,
23903068000186,BANCO KOMATSU DO BRASIL S.A.,INCUMBENTE,B,0,3,Banco Komatsu Do Brasil,,,,,,
33254319000100,BANCO LOSANGO S.A. - BANCO MÚLTIPLO,INCUMBENTE,B,0,3,Losango Est Unif | Banco Losango S.A. - Banco Multiplo,https://ortecsp.com.br,,,,,
59118133000100,BANCO LUSO BRASILEIRO S.A.,INCUMBENTE,B,0,3,Banco Luso Brasileiro,https://lusobank.com.br,,,,,
34169557000172,BANCO MERCANTIL DE INVESTIMENTOS S/A,INCUMBENTE,B,0,3,Banco Mercantil De Investimentos,https://mercantil.com.br,,,,,
17184037000110,BANCO MERCANTIL DO BRASIL S.A.,INCUMBENTE,B,0,3,Banco Mercantil | Banco Mercantil Do Brasil,https://mercantil.com.br,,,,,
60814191000157,BANCO MERCEDES-BENZ DO BRASIL S.A.,INCUMBENTE,B,0,3,Banco Mercedes-Benz Do Brasil,https://daimlertruck.com,,,,,
61088183000133,BANCO MIZUHO DO BRASIL S.A.,INCUMBENTE,B,0,3,Banco Mizuho Do Brasil,,,,,,
07441209000130,BANCO MONEO S.A.,INCUMBENTE,B,0,3,Banco Moneo,https://bancomoneo.com.br,,,,,
02801938000136,BANCO MORGAN STANLEY S.A.,INCUMBENTE,B,0,3,Banco Morgan Stanley,https://morganstanley.com,,,,,
60498557000126,BANCO MUFG BRASIL S.A.,INCUMBENTE,B,0,3,Banco Mufg Brasil,,,,,,
33222241000134,BANCO NACIONAL DE INVESTIMENTOS S.A.,INCUMBENTE,B,0,3,Estabelecimento Unificado | Banco Nacional De Investimentos,https://bnsa.com.br,,,,,
17157777000167,BANCO NACIONAL S.A.,INCUMBENTE,B,0,3,Banco Nacional,https://btgpactual.com,,,,,
92894922000108,BANCO ORIGINAL S.A.,INCUMBENTE,B,0,3,Banco Original,https://original.com.br,,,,,
28517628000188,BANCO PACCAR S.A.,INCUMBENTE,B,0,3,Banco Paccar,https://paccar.com,,,,,
59285411000113,BANCO PAN S.A.,INCUMBENTE,B,0,3,Banco Pan,https://grupopan.com,,,,,
61820817000109,BANCO PAULISTA S.A.,INCUMBENTE,BB,0,3,Banco Paulista,https://bancopaulista.com.br,,,,,
62144175000120,BANCO PINE S.A.,INCUMBENTE,B,0,3,Banco Pine,https://pine.com,,,,,
40429946000192,BANCO PORTO REAL DE INVESTIMENTOS S.A,INCUMBENTE,B,0,3,Banco Porto Real De Investimentos,https://bpr.com.br,,,,,
01023570000160,BANCO RABOBANK INTERNATIONAL BRASIL S.A.,INCUMBENTE,B,0,3,Banco Rabobank International Brasil,https://rabobank.com,,,,,
11476673000139,BANCO RANDON S.A.,INCUMBENTE,B,0,3,Banco Randon,https://randoncorp.com,,,,,
62307848000115,BANCO RCI BRASIL S.A.,INCUMBENTE,B,0,3,Banco Rci Brasil,https://mobilize-fs.com,,,,,
68900810000138,BANCO RENDIMENTO S.A.,INCUMBENTE,B,0,3,Banco Rendimento,https://rendimento.com.br,,,,,
00517645000104,BANCO RIBEIRAO PRETO S.A.,INCUMBENTE,B,0,3,Banco Ribeirao Preto,https://brp.com.br,,,,,
80271455000180,BANCO RNX S.A.,INCUMBENTE,B,0,3,Rnx Banco | Banco Rnx,https://bancornx.com.br,,,,,
33603457000140,BANCO RODOBENS S.A.,INCUMBENTE,BB,0,3,Banco Rodobens,https://rodobens.com.br,,,,,
58160789000128,BANCO SAFRA S.A.,INCUMBENTE,BB,0,3,Banco Safra,,,,,,
90400888000142,BANCO SANTANDER (BRASIL) S.A.,INCUMBENTE,BB,0,3,Banco Santander (Brasil),https://targetlaw.com.br,,,,,
60935819000172,BANCO SANY BRASIL S.A.,INCUMBENTE,B,0,3,Banco Sany | Banco Sany Brasil,https://sanygroup.com,,,,,
00795423000145,BANCO SEMEAR S.A.,INCUMBENTE,B,0,3,Banco Semear,https://bancosemear.com.br,,,,,
11970623000103,BANCO SENFF S.A.,INCUMBENTE,B,0,3,Banco Senff,https://senff.com.br,,,,,
76543115000194,BANCO SISTEMA S.A.,INCUMBENTE,BB,0,3,Banco Sistema,https://btgpactual.com,,,,,
61533584000155,BANCO SOCIETE GENERALE BRASIL S.A.,INCUMBENTE,B,0,3,Banco Societe Generale Brasil,https://sgcib.com,,,,,
60889128000180,BANCO SOFISA S.A.,INCUMBENTE,B,0,3,Banco Sofisa,https://sofisa.com.br,,,,,
62237425000176,BANCO STELLANTIS S.A.,INCUMBENTE,BB,0,3,Banco Stellantis,https://stellantis.com,,,,,
28811341000166,BANCO STONEX S.A.,INCUMBENTE,B,0,3,Banco Stonex,https://stonex.com,,,,,
60518222000122,BANCO SUMITOMO MITSUI BRASILEIRO S.A.,INCUMBENTE,BB,0,3,Sumitomo Mitsui Banking Corporation Brasil | Banco Sumitomo Mitsui Brasileiro,https://smbcgroup.com.br,,,,,
03215790000110,BANCO TOYOTA DO BRASIL S.A.,INCUMBENTE,B,0,3,Banco Toyota Do Brasil,,,,,,
52067630000187,BANCO TRATON BRASIL S.A.,INCUMBENTE,B,0,3,Banco Traton Brasil,https://tratonfs.com,,,,,
11703662000144,BANCO TRAVELEX S.A.,INCUMBENTE,BB,0,3,******* | Banco Travelex,https://confidencecambio.com.br,,,,,
17351180000159,BANCO TRIANGULO S.A.,INCUMBENTE,B,0,3,Tribanco | Banco Triangulo,https://tribanco.com.br,,,,,
57839805000140,BANCO TRICURY S.A.,INCUMBENTE,B,0,3,Tricury | Banco Tricury,https://bancotricury.com.br,,,,,
32062580000138,BANCO UBS (BRASIL) S.A.,INCUMBENTE,B,0,3,Banco Ubs (Brasil),https://ubs.com,,,,,
59109165000149,BANCO VOLKSWAGEN S.A.,INCUMBENTE,B,0,3,Banco Volkswagen,https://vwfs.com,,,,,
58017179000170,BANCO VOLVO BRASIL S.A.,INCUMBENTE,B,0,3,Banco Volvo | Banco Volvo Brasil,https://volvo.com,,,,,
59588111000103,BANCO VOTORANTIM S.A.,INCUMBENTE,BB,0,3,Banco Votorantim,https://bv.com.br,,,,,
78626983000163,BANCO VR S.A.,INCUMBENTE,B,0,3,Banco Vr,https://vr.com.br,,,,,
13720915000113,BANCO WESTERN UNION DO BRASIL S.A.,INCUMBENTE,BB,0,3,Banco Western Union Do Brasil,https://westernunion.com,,,,,
15357060000133,BANCO WOORI BANK DO BRASIL S.A.,INCUMBENTE,B,0,3,Woori Bank Brasil | Banco Woori Bank Do Brasil,,,,,,
36658769000149,BANCO XCMG BRASIL S.A.,INCUMBENTE,B,0,3,Banco Xcmg | Banco Xcmg Brasil,https://bancoxcmg.com.br,,,,,
33264668000103,BANCO XP S.A.,INCUMBENTE,B,0,3,Banco Xp,https://xpi.com.br,,,,,
10371492000185,BANCO YAMAHA MOTOR DO BRASIL S.A.,INCUMBENTE,BB,0,3,Banco Yamaha Motor Do Brasil,https://yamaha-motor.com.br,,,,,
10264663000177,BANCOSEGURO S.A.,INCUMBENTE,BB,0,3,Bancoseguro,https://uolinc.com,,,,,
28156057000101,BANESTES DISTRIBUIDORA DE TITULOS E VALORES MOBILIARIOS S/A,INCUMBENTE,B,0,3,Banestes Asset Management | Banestes,https://banestes.com.br,,,,,
28127603000178,BANESTES S.A. BANCO DO ESTADO DO ESPIRITO SANTO,INCUMBENTE,B,0,3,Banestes | Banestes S.A. Banco Do Estado Do Espirito Santo,https://banestes.com.br,,,,,
62073200000121,BANK OF AMERICA MERRILL LYNCH BANCO MÚLTIPLO S.A.,INCUMBENTE,B,0,3,Bank Of America Merrill Lynch Banco Multiplo,https://bofa.com,,,,,
07450604000189,BANK OF CHINA (BRASIL) BANCO MÚLTIPLO S/A,INCUMBENTE,BB,0,3,Boc Brasil | Bank Of China (Brasil) Banco Multiplo,https://bocbrasil.com.br,,,,,
93026847000126,BANRISUL S/A - CORRETORA DE VALORES MOBILIARIOS E CAMBIO,INCUMBENTE,BB,0,3,Banrisul S/A - Corretora De Valores Mobiliarios E Cambio,https://banrisul.com.br,,,,,
58006471000197,BARU DISTRIBUIDORA DE TÍTULOS E VALORES MOBILIÁRIOS LTDA.,INCUMBENTE,B,0,3,Base Dtvm | Baru,,,,,,
30822936000169,BB GESTÃO DE RECURSOS - DISTRIBUIDORA DE TÍTULOS E VALORES MOBILIÁRIOS S.A.,INCUMBENTE,BB,0,3,Bb Asset Management | Bb Gestao De Recursos,https://bb.com.br,,,,,
24933830000130,BB-BANCO DE INVESTIMENTO S/A,INCUMBENTE,B,0,3,Bb-Bi | Bb-Banco De Investimento,https://bb.com.br,,,,,
45283173000100,BBVA BRASIL BANCO DE INVESTIMENTO S.A.,INCUMBENTE,BB,0,3,Bbva Brasil | Bbva Brasil Banco De Investimento,https://bbvacf.pt,,,,,
54541468000112,BCP SECURITIES DISTRIBUIDORA DE TÍTULOS E VALORES MOBILIÁRIOS LTDA.,INCUMBENTE,B,0,3,Bcp Securities,https://bcpsecurities.com,,,,,
07299480000182,BEC DISTRIBUIDORA DE TITULOS E VALORES MOBILIARIOS LTDA.,INCUMBENTE,B,0,3,,,,,,,
00066670000100,BEM - DISTRIBUIDORA DE TITULOS E VALORES MOBILIARIOS LTDA,INCUMBENTE,B,0,3,Bem Dtvm,,,,,,
33862244000132,BGC LIQUIDEZ DISTRIBUIDORA DE TÍTULOS E VALORES MOBILIÁRIOS LTDA,INCUMBENTE,B,0,3,Bgc Liquidez,,,,,,
08030215000167,BMG S.A. DISTRIBUIDORA DE TÍTULOS E VALORES MOBILIÁRIOS,INCUMBENTE,B,0,3,Bmg S.A. Dtvm,https://bancobmg.com.br,,,,,
42272526000170,BNY MELLON BANCO S.A.,INCUMBENTE,BB,0,3,Bny Mellon Banco,https://bnymellon.com.br,,,,,
02201501000161,BNY MELLON SERVIÇOS FINANCEIROS DISTRIBUIDORA DE TÍTULOS E VALORES MOBILIÁRIOS S.A.,INCUMBENTE,B,0,3,Bny Mellon Servicos Financeiros,https://bnymellon.com.br,,,,,
06373777000188,BOA VIAGEM SOCIEDADE CORRETORA DE CÂMBIO LTDA.,INCUMBENTE,B,0,3,Boa Viagem Sociedade,,,,,,
69720894000190,BOC BRASIL DISTRIBUIDORA DE TÍTULOS E VALORES MOBILIÁRIOS S/A,INCUMBENTE,B,0,3,Boc Brasil Dtvm | Boc Brasil,https://bocbrasil.com.br,,,,,
15213150000150,BOCOM BBM CORRETORA DE CÂMBIO E VALORES MOBILIÁRIOS S.A.,INCUMBENTE,B,0,3,Bocom Bbm E Valores Mobiliarios,https://bocombbm.com.br,,,,,
27842177000191,"BPY CORRETORA DE CÂMBIO, TÍTULOS E VALORES MOBILIÁRIOS S.A.",INCUMBENTE,B,0,3,Bpy Titulos E Valores Mobiliarios,https://bpy.global,,,,,
13220493000117,BR PARTNERS BANCO DE INVESTIMENTO S.A.,INCUMBENTE,B,0,3,Br Partners Banco De Investimento,https://brpartners.com.br,,,,,
44077014000189,BR-CAPITAL DISTRIBUIDORA DE TÍTULOS E VALORES MOBILIÁRIOS S.A.,INCUMBENTE,B,0,3,Unitas | Br-Capital,https://brcapital.com.br,,,,,
61855045000132,BRADESCO S.A. CORRETORA DE TITULOS E VALORES MOBILIARIOS,INCUMBENTE,BB,0,3,Est Unif | Bradesco,,,,,,
58229246000110,BRADESCO-KIRTON CORRETORA DE CÂMBIO S.A.,INCUMBENTE,BB,0,3,Bradesco-Kirton,,,,,,
19307785000178,BRAZA BANK S.A. BANCO DE CÂMBIO,INCUMBENTE,BB,0,3,Braza Bank | Braza Bank S.A. Banco De Cambio,https://brazabank.com.br,,,,,
00000208000100,BRB - BANCO DE BRASILIA S.A.,INCUMBENTE,B,0,3,Brb - Banco De Brasilia,https://brb.com.br,,,,,
33850686000169,BRB - DISTRIBUIDORA DE TITULOS E VALORES MOBILIARIOS SA,INCUMBENTE,B,0,3,,https://brb.com.br,,,,,
16944141000100,BROKER BRASIL CORRETORA DE CÂMBIO LTDA.,INCUMBENTE,BB,0,3,Broker Brasil,https://brokerbrasilcambio.com.br,,,,,
17904906000133,BRX SOCIEDADE CORRETORA DE CÂMBIO LTDA.,INCUMBENTE,B,0,3,Brx Cambio | Brx Sociedade,https://brxcambio.com.br,,,,,
73622748000108,BT CORRETORA DE CÂMBIO LTDA.,INCUMBENTE,B,0,3,,https://btcorretora.com.br,,,,,
29650082000100,BTG PACTUAL ASSET MANAGEMENT S.A. DISTRIBUIDORA DE TÍTULOS E VALORES MOBILIÁRIOS,INCUMBENTE,B,0,3,Btg Pactual Asset Management,https://btgpactual.com,,,,,
43815158000122,BTG PACTUAL CORRETORA DE TÍTULOS E VALORES MOBILIÁRIOS S.A.,INCUMBENTE,BB,0,3,Est Unif | Btg Pactual,https://btgpactual.com,,,,,
59281253000123,BTG PACTUAL SERVIÇOS FINANCEIROS S.A. DISTRIBUIDORA DE TÍTULOS E VALORES MOBILIÁRIOS,INCUMBENTE,BB,0,3,Sistema | Btg Pactual Servicos Financeiros,https://btgpactual.com,,,,,
32345784000186,C6 CORRETORA DE TÍTULOS E VALORES MOBILIÁRIOS LTDA.,INCUMBENTE,BB,0,3,,https://c6bank.com,,,,,
42040639000140,CAIXA DISTRIBUIDORA DE TÍTULOS E VALORES MOBILIÁRIOS S.A.,INCUMBENTE,B,0,3,Caixa Dtvm | Caixa,https://caixa.gov.br,,,,,
00360305000104,CAIXA ECONOMICA FEDERAL,INCUMBENTE,BB,0,3,Cef Matriz | Caixa Economica Federal,,,,,,
62237649000188,CAROL DISTRIBUIDORA DE TITULOS E VALORES MOBILIARIOS LTDA.,INCUMBENTE,B,0,3,Carol Dtvm | Carol,https://caroldtvm.com.br,,,,,
47215387000167,CATÁLISE DISTRIBUIDORA DE TÍTULOS E VALORES MOBILIÁRIOS LTDA,INCUMBENTE,B,0,3,Catalise,https://cataliseinvestimentos.com,,,,,
07554076000108,CGD INVESTIMENTOS CORRETORA DE VALORES E CÂMBIO S.A.,INCUMBENTE,B,0,3,Cgd Investimentos Corretora De Valores E Cambio,https://bcgbrasil.com.br,,,,,
33868597000140,CITIBANK DISTRIBUIDORA DE TITULOS E VALORES MOBILIARIOS S.A,INCUMBENTE,B,0,3,Citibank,https://citi.com,,,,,
33042953000171,CITIBANK N.A.,INCUMBENTE,B,0,3,Citibank N.A. - Filial Brasileira | Citibank N.A,,,,,,
33709114000164,"CITIGROUP GLOBAL MARKETS BRASIL, CORRETORA DE CÂMBIO, TÍTULOS E VALORES MOBILIÁRIOS S.A.",INCUMBENTE,B,0,3,Citigroup Global Markets Brasil Titulos E Valores Mobiliarios,https://citi.com,,,,,
02685483000130,"CM CAPITAL MARKETS CORRETORA DE CÂMBIO, TÍTULOS E VALORES MOBILIÁRIOS LTDA",INCUMBENTE,B,0,3,Cm Capital Markets Titulos E Valores Mobiliarios,https://cmcapital.com.br,,,,,
09512542000118,CODEPE CORRETORA DE VALORES E CÂMBIO S.A.,INCUMBENTE,BB,0,3,Codepe | Codepe Corretora De Valores E Cambio,https://codepe.com.br,,,,,
00336036000140,COINVALORES CORRETORA DE CÂMBIO E VALORES MOBILIÁRIOS LTDA.,INCUMBENTE,BB,0,3,Coinvalores | Coinvalores E Valores Mobiliarios,https://coinvalores.com.br,,,,,
00460065000110,COLUNA S/A DISTRIBUIDORA DE TITULOS E VALORES MOBILIÁRIOS,INCUMBENTE,B,0,3,Coluna,https://colutadtvm.com.br,,,,,
04913129000141,CONFIDENCE SOCIEDADE CORRETORA DE CAMBIO S.A.,INCUMBENTE,BB,0,3,Confidence Sociedade,https://confidencecambio.com.br,,,,,
15168152000175,CONSEGTUR CORRETORA DE CÂMBIO LTDA.,INCUMBENTE,B,0,3,Consegtur Corretora | Consegtur,https://consegtur.com.br,,,,,
80202872000171,CORREPARTI SOCIEDADE CORRETORA DE CÂMBIO LTDA.,INCUMBENTE,B,0,3,Correparti | Correparti Sociedade,https://correparti.com.br,,,,,
15761217000191,CORRETORA DE CÂMBIO AÇORIANA LIMITADA.,INCUMBENTE,BB,0,3,Acoriana Limitada,https://atualholding.com,,,,,
92858380000118,CORRETORA GERAL DE VALORES E CÂMBIO LTDA,INCUMBENTE,BB,0,3,Geral Investimentos | Corretora Geral De Valores E Cambio,,,,,,
50286774000107,CV INVESTIMENTOS DISTRIBUIDORA DE TÍTULOS E VALORES MOBILIÁRIOS LTDA.,INCUMBENTE,B,0,3,Cv Investimentos,https://cvpar.com.br,,,,,
65645137000149,DASCAM SOCIEDADE CORRETORA DE CÂMBIO LTDA.,INCUMBENTE,B,0,3,Dascam Sociedade,https://dascam.com.br,,,,,
49241570000162,DAYCOVAL CORRETORA DE TÍTULOS E VALORES MOBILIÁRIOS LTDA.,INCUMBENTE,B,0,3,Daycoval Ctvm | Daycoval,,,,,,
43818780000194,DAYCOVAL LEASING - BANCO MÚLTIPLO S.A.,INCUMBENTE,B,0,3,Daycoval Leasing | Daycoval Leasing - Banco Multiplo,https://bancodaycoval.com.br,,,,,
77162881000171,DEBONI DISTRIBUIDORA DE TITULOS E VALORES MOBILIARIOS LTDA,INCUMBENTE,B,0,3,Deboni,,,,,,
62331228000111,DEUTSCHE BANK S.A. - BANCO ALEMAO,INCUMBENTE,B,0,3,Deutsche Bank | Deutsche Bank S.A. - Banco Alemao,https://list.db.com,,,,,
23511655000120,DEUTSCHE SPARKASSEN LEASING DO BRASIL BANCO MÚLTIPLO S.A.,INCUMBENTE,B,0,3,Banco Deutsche Leasing | Deutsche Sparkassen Leasing Do Brasil Banco Multiplo,https://deutsche-leasing.com.br,,,,,
33851064000155,DILLON S/A DISTRIBUIDORA DE TITULOS E VALORES MOBILIARIOS,INCUMBENTE,B,0,3,Dillon,https://dillon.com.br,,,,,
76641497000199,DOURADA CORRETORA DE CÂMBIO LTDA.,INCUMBENTE,B,0,3,Dourada,https://dourada.com.br,,,,,
89784367000157,EBADIVAL - E. BAGGIO DISTRIBUIDORA DE TÍTULOS E VALORES MOBILIÁRIOS LTDA.,INCUMBENTE,B,0,3,Ebadival | Ebadival - E. Baggio,,,,,,
94968518000167,EFX CORRETORA DE CÂMBIO LTDA.,INCUMBENTE,BB,0,3,,https://decyseo.com.br,,,,,
47965438000178,EQI INVESTIMENTOS CORRETORA DE TÍTULOS E VALORES MOBILIÁRIOS S.A.,INCUMBENTE,BB,0,3,Eqi Investimentos,https://euqueroinvestir.com,,,,,
34190991000134,"EUROINVEST S.A. CORRETORA DE CÂMBIO, TÍTULOS E VALORES MOBILIÁRIOS",INCUMBENTE,B,0,3,Euroinvest Cctvm | Euroinvest S.A. Titulos E Valores Mobiliarios,https://eurocctvm.com.br,,,,,
19086249000190,EXECUTIVE SOCIEDADE CORRETORA DE CÂMBIO LTDA.,INCUMBENTE,BB,0,3,Executive Sociedade,,,,,,
73302408000191,EXIM SOCIEDADE CORRETORA DE CÂMBIO LTDA,INCUMBENTE,B,0,3,Exim Sociedade,,,,,,
08673569000120,F.D'GOLD - DISTRIBUIDORA DE TÍTULOS E VALORES MOBILIÁRIOS LTDA.,INCUMBENTE,B,0,3,D'Gold | F.D'Gold,https://dgold.com.br,,,,,
32648370000126,FAIR SOCIEDADE CORRETORA DE CÂMBIO S.A.,INCUMBENTE,B,0,3,Fair | Fair Sociedade,,,,,,
37678915000160,FIDD DISTRIBUIDORA DE TÍTULOS E VALORES MOBILIÁRIOS LTDA.,INCUMBENTE,B,0,3,Fidd,https://fiddgroup.com,,,,,
10280601000159,FIDUCIAL DISTRIBUIDORA DE TÍTULOS E VALORES MOBILIÁRIOS LTDA.,INCUMBENTE,B,0,3,Fiducial Dtvm | Fiducial,https://fiducial.com.br,,,,,
03317692000194,FINAXIS CORRETORA DE TÍTULOS E VALORES MOBILIÁRIOS S.A.,INCUMBENTE,B,0,3,Finaxis,https://finaxis.com.br,,,,,
36266751000100,FINVEST DISTRIBUIDORA DE TÍTULOS E VALORES MOBILIÁRIOS LTDA.,INCUMBENTE,B,0,3,Finvest,https://finvestdtvm.com.br,,,,,
40353377000149,FOURTRADE CORRETORA DE CÂMBIO LTDA.,INCUMBENTE,B,0,3,Fourtrade,https://fourtrade.com.br,,,,,
55428859000198,FREEX SOCIEDADE CORRETORA DE CÂMBIO S.A.,INCUMBENTE,BB,0,3,Freex Corretora | Freex Sociedade,https://freexcambio.com.br,,,,,
28650236000192,GALAPAGOS CAPITAL DISTRIBUIDORA DE TÍTULOS E VALORES MOBILIÁRIOS S.A.,INCUMBENTE,B,0,3,Glpg Dtvm | Galapagos Capital,https://glpgcapital.com,,,,,
10749264000104,GDC PARTNERS SERVIÇOS FIDUCIÁRIOS DISTRIBUIDORA DE TÍTULOS E VALORES MOBILIÁRIOS LTDA.,INCUMBENTE,B,0,3,Gdc Partners Servicos Fiduciarios,https://dcasf.com.br,,,,,
05816451000115,"GENIAL INSTITUCIONAL CORRETORA DE CÂMBIO, TÍTULOS E VALORES MOBILIÁRIOS S.A.",INCUMBENTE,BB,0,3,Brasil Plural | Genial Institucional Titulos E Valores Mobiliarios,https://genial.com.vc,,,,,
27652684000162,GENIAL INVESTIMENTOS CORRETORA DE VALORES MOBILIÁRIOS S.A.,INCUMBENTE,BB,0,3,Genial Investimentos Corretora De Valores Mobiliarios,https://genial.com.vc,,,,,
10853017000145,GET MONEY SOCIEDADE CORRETORA DE CÂMBIO S.A.,INCUMBENTE,B,0,3,Get Money | Get Money Sociedade,https://getmoney.com.br,,,,,
47227569000158,GLOBAL INVESTMENT SERVICES DISTRIBUIDORA DE TÍTULOS E VALORES MOBILIÁRIOS LTDA.,INCUMBENTE,B,0,3,Global Investment Services,https://mognodtvm.com,,,,,
04332281000130,GOLDMAN SACHS DO BRASIL BANCO MULTIPLO S.A.,INCUMBENTE,BB,0,3,Goldman Sachs Do Brasil Banco Multiplo,https://gs.com,,,,,
09605581000160,GOLDMAN SACHS DO BRASIL CORRETORA DE TÍTULOS E VALORES MOBILIÁRIOS S.A.,INCUMBENTE,BB,0,3,Goldman Sachs Do Brasil,https://gs.com,,,,,
23010182000187,GOOD SOCIEDADE CORRETORA DE CÂMBIO LTDA.,INCUMBENTE,B,0,3,Good Sociedade,,,,,,
37800856000151,GREEN ALTERNATIVE INVESTMENTS DISTRIBUIDORA DE TÍTULOS E VALORES MOBILIÁRIOS S.A.,INCUMBENTE,B,0,3,Green Alternative Investments,https://green.com.ai,,,,,
24074692000180,GUITTA CORRETORA DE CAMBIO LTDA.,INCUMBENTE,B,0,3,Guitta,,,,,,
57707777000108,GURU CORRETORA DE TÍTULOS E VALORES MOBILIÁRIOS LTDA.,INCUMBENTE,BB,0,3,Guru,https://guru.com.vc,,,,,
17312083000157,H H PICCHIONI S/A CORRETORA DE CAMBIO E VALORES MOBILIARIOS,INCUMBENTE,B,0,3,H H Picchioni S/A E Valores Mobiliarios,https://picchioni.com.br,,,,,
34111187000112,HAITONG BANCO DE INVESTIMENTO DO BRASIL S.A.,INCUMBENTE,B,0,3,Haitong Banco De Investimento Do Brasil,https://haitongib.com.br,,,,,
11406965000103,HAITONG DO BRASIL DISTRIBUIDORA DE TÍTULOS E VALORES MOBILIÁRIOS S.A.,INCUMBENTE,B,0,3,Haitong Do Brasil,https://haitongib.com.br,,,,,
33894445000111,HAITONG SECURITIES DO BRASIL CORRETORA DE CÂMBIO E VALORES MOBILIÁRIOS S.A.,INCUMBENTE,B,0,3,Haitong Securities Do Brasil E Valores Mobiliarios,https://haitongib.com.br,,,,,
07253654000176,HEDGE INVESTMENTS DISTRIBUIDORA DE TÍTULOS E VALORES MOBILIÁRIOS LTDA.,INCUMBENTE,BB,0,3,Hedge Investments,https://hedgeinvest.com.br,,,,,
35470647000161,HEDGEPOINT GLOBAL MARKETS DISTRIBUIDORA DE TITULOS E VALORES MOBILIÁRIOS LTDA.,INCUMBENTE,B,0,3,Hedgepoint Global Markets,https://hedgepointglobal.com,,,,,
39669186000101,HEMERA DISTRIBUIDORA DE TÍTULOS E VALORES MOBILIÁRIOS LTDA.,INCUMBENTE,B,0,3,Hemera Dtvm | Hemera,https://hemeradtvm.com.br,,,,,
09105360000122,ICAP DO BRASIL CORRETORA DE TÍTULOS E VALORES MOBILIÁRIOS LTDA.,INCUMBENTE,BB,0,3,Icap Do Brasil,https://br.icap.com,,,,,
17453575000162,ICBC DO BRASIL BANCO MÚLTIPLO S.A.,INCUMBENTE,B,0,3,Icbc Brasil | Icbc Do Brasil Banco Multiplo,https://br.icbc.com.cn,,,,,
16695922000109,ID CORRETORA DE TÍTULOS E VALORES MOBILIÁRIOS S.A.,INCUMBENTE,BB,0,3,Id Servicos Financeiros,,,,,,
31749596000150,IDEAL CORRETORA DE TÍTULOS E VALORES MOBILIÁRIOS S.A.,INCUMBENTE,B,0,3,Ideal,,,,,,
00999403000196,INDUSTRIAL DO BRASIL DISTRIBUIDORA DE TÍTULOS E VALORES MOBILIÁRIOS LTDA.,INCUMBENTE,B,0,3,Industrial Do Brasil,,,,,,
34978626000199,INTEGRAL ACCESS DISTRIBUIDORA DE TÍTULOS E VALORES MOBILIÁRIOS LTDA.,INCUMBENTE,B,0,3,Integral Access,https://integralinvest.com.br,,,,,
34265629000185,INTERCAM CORRETORA DE CÂMBIO LTDA.,INCUMBENTE,B,0,3,Intercam,,,,,,
55230916000120,INTESA SANPAOLO BRASIL S.A. - BANCO MÚLTIPLO,INCUMBENTE,B,0,3,Intesa Sanpaolo Brasil S.A. - Banco Multiplo,https://intesasanpaolo.com,,,,,
02992317000187,INTEX BANK BANCO DE CÂMBIO S.A.,INCUMBENTE,BB,0,3,Intex Bank Banco De Cambio,https://trevisocc.com.br,,,,,
15489568000195,INTRA INVESTIMENTOS DISTRIBUIDORA DE TÍTULOS E VALORES MOBILIÁRIOS LTDA,INCUMBENTE,B,0,3,Intra Investimentos,https://intrainvestimentos.com.br,,,,,
62418140000131,INTRAG DISTRIBUIDORA DE TITULOS E VALORES MOBILIARIOS LTDA.,INCUMBENTE,BB,0,3,Intrag,https://itau-unibanco.com.br,,,,,
17508380000172,INVEST SOCIEDADE CORRETORA DE CÂMBIO LTDA.,INCUMBENTE,B,0,3,Invest Sociedade,https://investcambio.com.br,,,,,
60872504000123,ITAÚ UNIBANCO HOLDING S.A.,INCUMBENTE,BB,0,3,Itau Unibanco Holding,https://itau-unibanco.com.br,,,,,
60701190000104,ITAÚ UNIBANCO S.A.,INCUMBENTE,BB,0,3,Itau Unibanco,https://itau-unibanco.com.br,,,,,
32588139000194,J.P. MORGAN CORRETORA DE TÍTULOS E VALORES MOBILIÁRIOS S.A.,INCUMBENTE,BB,0,3,J.P. Morgan,https://jpmorgan.com,,,,,
33851205000130,J.P. MORGAN S.A. - DISTRIBUIDORA DE TÍTULOS E VALORES MOBILIÁRIOS,INCUMBENTE,BB,0,3,J.P. Morgan Dtvm | J.P. Morgan,https://jpmorgan.com,,,,,
45056494000164,JM CORRETORA DE CÂMBIO LTDA.,INCUMBENTE,B,0,3,,https://jmcorretoradecambio.com.br,,,,,
46518205000164,"JPMORGAN CHASE BANK, NATIONAL ASSOCIATION",INCUMBENTE,BB,0,3,Jpmorgan Chase Bank National Association,,,,,,
63436443000140,KINEL FOREIGN EXCHANGE CORRETORA DE CÂMBIO LTDA.,INCUMBENTE,B,0,3,Kinel Foreign Exchange,https://tpgroup.com.br,,,,,
01701201000189,KIRTON BANK S.A. - BANCO MÚLTIPLO,INCUMBENTE,B,0,3,Kirton Bank S.A. - Banco Multiplo,,,,,,
06132348000119,LABOR SOCIEDADE CORRETORA DE CÂMBIO LTDA.,INCUMBENTE,BB,0,3,Labor Cambio | Labor Sociedade,https://grupolabor.net,,,,,
71590442000183,LASTRO RDV DISTRIBUIDORA DE TÍTULOS E VALORES MOBILIÁRIOS LTDA.,INCUMBENTE,B,0,3,Lastro Rdv,,,,,,
45457891000148,LEV DISTRIBUIDORA DE TÍTULOS E VALORES MOBILIÁRIOS LTDA.,INCUMBENTE,B,0,3,,https://invistalev.com.br,,,,,
50579044000196,LEVYCAM - CORRETORA DE CAMBIO E VALORES LTDA.,INCUMBENTE,B,0,3,Levycam - E Valores,https://levycam.com.br,,,,,
24361690000172,LIMINE TRUST DISTRIBUIDORA DE TÍTULOS E VALORES MOBILIÁRIOS S.A.,INCUMBENTE,B,0,3,Limine Trust,https://liminedtvm.com.br,,,,,
40768766000135,LIONS TRUST DISTRIBUIDORA DE TÍTULOS E VALORES MOBILIÁRIOS LTDA.,INCUMBENTE,B,0,3,Lions Trust,https://lionstrust.com.br,,,,,
15122605000122,LÚMINA CORRETORA DE CÂMBIO LTDA.,INCUMBENTE,B,0,3,Lumina,https://luminacorretora.com.br,,,,,
16683062000185,MERCADO BITCOIN CORRETORA DE TÍTULOS E VALORES MOBILIÁRIOS S.A.,INCUMBENTE,BB,0,3,Mercado Bitcoin,https://2tmgroup.com,,,,,
57671443000121,MERCADO PAGO DISTRIBUIDORA DE TÍTULOS E VALORES MOBILIÁRIOS LTDA.,INCUMBENTE,BB,0,3,Mercado Pago,https://mercadolivre.com,,,,,
87963450000168,MERCADO PAGO INVESTIMENTOS DISTRIBUIDORA DE TÍTULOS E VALORES MOBILIÁRIOS LTDA.,INCUMBENTE,B,0,3,Mercado Pago Investimentos,https://nikos.com.br,,,,,
17364795000110,MERCANTIL DO BRASIL DISTRIBUIDORA S.A. - TÍTULOS E VALORES MOBILIÁRIOS,INCUMBENTE,B,0,3,Mercantil Do Brasil Distribuidora S.A. - Titulos E Valores Mobiliarios,https://mercantil.com.br,,,,,
02670590000195,MERRILL LYNCH S.A. CORRETORA DE TÍTULOS E VALORES MOBILIÁRIOS,INCUMBENTE,B,0,3,Merrill Lynch,https://bofa.com,,,,,
12392983000138,"MIRAE ASSET (BRASIL) CORRETORA DE CÂMBIO, TÍTULOS  E VALORES MOBILIÁRIOS LTDA.",INCUMBENTE,BB,0,3,Mirae Asset (Brasil) Titulos E Valores Mobiliarios,https://miraeinvest.com.br,,,,,
97447304000133,MOMENTO DISTRIBUIDORA DE TITULOS E VALORES MOBILIARIOS LTDA,INCUMBENTE,BB,0,3,Momento,,,,,,
12063256000127,MONETAR DISTRIBUIDORA DE TÍTULOS E VALORES MOBILIÁRIOS LTDA.,INCUMBENTE,B,0,3,Monetar,https://monetar.com.br,,,,,
08609934000137,MONEYCORP BANCO DE CÂMBIO S.A.,INCUMBENTE,B,0,3,Moneycorp Banco De Cambio,,,,,,
34666362000138,MONOPÓLIO CORRETORA DE CÂMBIO LTDA.,INCUMBENTE,B,0,3,Monopolio,https://monopoliocambio.com.br,,,,,
50489148000100,MONTE BRAVO CORRETORA DE TÍTULOS E VALORES MOBILIÁRIOS S.A.,INCUMBENTE,BB,0,3,Monte Bravo,https://montebravo.com.br,,,,,
04323351000194,MORGAN STANLEY CORRETORA DE TÍTULOS E VALORES MOBILIÁRIOS S.A.,INCUMBENTE,B,0,3,Morgan Stanley,https://morganstanley.com,,,,,
41592532000142,MÉRITO DISTRIBUIDORA DE TÍTULOS E VALORES MOBILIÁRIOS LTDA.,INCUMBENTE,B,0,3,Merito Dtvm | Merito,https://meritodtvm.com.br,,,,,
18145784000101,NCC - SOCIEDADE CORRETORA DE CÂMBIO LTDA,INCUMBENTE,B,0,3,Ncc - Sociedade,https://numatur.com.br,,,,,
61723847000199,NEON CORRETORA DE TÍTULOS E VALORES MOBILIÁRIOS S.A.,INCUMBENTE,B,0,3,Neon,https://neon.com.br,,,,,
74828799000145,NOVO BANCO CONTINENTAL S.A. - BANCO MÚLTIPLO,INCUMBENTE,B,0,3,Nbc Bank | Novo Banco Continental S.A. - Banco Multiplo,https://nbcbank.com.br,,,,,
62169875000179,NU INVESTIMENTOS S.A. - CORRETORA DE TÍTULOS E VALORES MOBILIÁRIOS,INCUMBENTE,BB,0,3,Nu Investimentos,,,,,,
68742204000131,NUMBER ONE SOCIEDADE CORRETORA DE CAMBIO LTDA.,INCUMBENTE,B,0,3,Number One Sociedade,https://number.com.br,,,,,
36113876000191,OLIVEIRA TRUST DISTRIBUIDORA DE TÍTULOS E VALORES MOBILIARIOS S.A.,INCUMBENTE,BB,0,3,Oliveira Trust,https://oliveiratrust.com.br,,,,,
11495073000118,OM DISTRIBUIDORA DE TÍTULOS E VALORES MOBILIÁRIOS LTDA,INCUMBENTE,B,0,3,Ourominas,https://ourominas.com,,,,,
60850229000147,OMNI BANCO S.A.,INCUMBENTE,B,0,3,Omni Banco,https://omni.com.br,,,,,
07333726000195,ONNIX CORRETORA DE CÂMBIO LTDA.,INCUMBENTE,BB,0,3,Onnix,,,,,,
01582158000180,OPPORTUNITY DISTRIBUIDORA DE TÍTULOS E VALORES MOBILIÁRIOS LTDA,INCUMBENTE,B,0,3,Opportunity Dtvm | Opportunity,https://opportunity.com.br,,,,,
13673855000125,OSLO CAPITAL DISTRIBUIDORA DE TÍTULOS E VALORES MOBILIÁRIOS S.A,INCUMBENTE,B,0,3,Oslo Dtvm | Oslo Capital,,,,,,
78632767000120,OURIBANK S.A. BANCO MÚLTIPLO,INCUMBENTE,B,0,3,Ouribank | Ouribank S.A. Banco Multiplo,https://ouribank.com,,,,,
62667674000100,OXY DISTRIBUIDORA DE TÍTULOS E VALORES MOBILIÁRIOS S.A.,INCUMBENTE,B,0,3,Oxy Dtvm,https://oxycreditoimobiliario.com.br,,,,,
04062902000103,OZ CORRETORA DE CÂMBIO S.A.,INCUMBENTE,B,0,3,Oz Cambio,https://ozcambio.com.br,,,,,
73279093000109,PACIFIC INVEST DISTRIBUIDORA DE TITULOS E VALORES MOBILIARIOS LTDA,INCUMBENTE,B,0,3,Pacific Invest,https://pacificinvest.com.br,,,,,
46403683000129,PAGINVEST CORRETORA DE TITULOS E VALORES MOBILIARIOS LTDA.,INCUMBENTE,BB,0,3,Paginvest,https://uolinc.com,,,,,
14388334000199,PARANÁ BANCO S.A.,INCUMBENTE,B,0,3,Parana Banco,https://paranabanco.com.br,,,,,
17343682000138,PENTAGONO S/A DISTRIBUIDORA DE TITULOS E VALORES MOBILIARIOS,INCUMBENTE,B,0,3,Pentagono,https://pentagonotrustee.com.br,,,,,
09516419000175,PICPAY BANK - BANCO MÚLTIPLO S.A,INCUMBENTE,B,0,3,Picpay Bank - Banco Multiplo,https://picpaybank.com,,,,,
07138049000154,PICPAY INVEST DISTRIBUIDORA DE TÍTULOS E VALORES MOBILIÁRIOS LTDA,INCUMBENTE,B,0,3,Liga Invest | Picpay Invest,https://ligainvest.com.br,,,,,
92236777000178,PINE INVESTIMENTOS DISTRIBUIDORA DE TÍTULOS E VALORES MOBILIÁRIOS LTDA,INCUMBENTE,B,0,3,Pine Investimentos,https://pine.com,,,,,
00806535000154,PLANNER CORRETORA DE VALORES S.A.,INCUMBENTE,B,0,3,Planner | Planner Corretora De Valores,https://planner.com.br,,,,,
40303299000178,PORTOPAR DISTRIBUIDORA DE TITULOS E VALORES MOBILIARIOS LTDA.,INCUMBENTE,B,0,3,Portopar,https://portoseguro.com.br,,,,,
41560568000144,PRONANCE SOCIEDADE CORRETORA DE CÂMBIO LTDA,INCUMBENTE,B,0,3,Pronance Corretora | Pronance Sociedade,https://hotmail.com.br,,,,,
62285390000140,QI CORRETORA DE TÍTULOS E VALORES MOBILIÁRIOS S.A.,INCUMBENTE,BB,0,3,,https://qitech.com.br,,,,,
62264924000152,QORE DISTRIBUIDORA DE TITULOS E VALORES MOBILIÁRIOS LTDA,INCUMBENTE,B,0,3,Qore,https://qore.com.br,,,,,
89960090000176,RB INVESTIMENTOS DISTRIBUIDORA DE TITULOS E VALORES MOBILIARIOS LIMITADA,INCUMBENTE,B,0,3,Rb Investimentos Limitada,https://rbinvestimentos.com,,,,,
17354911000110,RENDIMENTO DISTRIBUIDORA DE TÍTULOS E VALORES MOBILIÁRIOS S/A,INCUMBENTE,B,0,3,Rendimento Cambio | Rendimento,https://rendimento.com.br,,,,,
72600026000181,RIO BRAVO INVESTIMENTOS - DISTRIBUIDORA DE TÍTULOS E VALORES MOBILIÁRIOS LTDA.,INCUMBENTE,BB,0,3,Rio Bravo Investimentos,https://riobravo.com.br,,,,,
42066258000130,RJI CORRETORA DE TITULOS E VALORES MOBILIARIOS LTDA,INCUMBENTE,BB,0,3,,https://rjicv.com.br,,,,,
62318407000119,S3 CACEIS BRASIL DISTRIBUIDORA DE TÍTULOS E VALORES MOBILIÁRIOS S.A.,INCUMBENTE,B,0,3,S3 Caceis Brasil,https://s3caceis.com.br,,,,,
28762249000153,SADOC SOCIEDADE CORRETORA DE CÂMBIO LTDA.,INCUMBENTE,B,0,3,Sadoc Sociedade,,,,,,
01638542000157,SAFRA DISTRIBUIDORA DE TÍTULOS E VALORES MOBILIÁRIOS LTDA.,INCUMBENTE,BB,0,3,Safra Corretora | Safra,,,,,,
29162769000198,SANTANDER CORRETORA DE TÍTULOS E VALORES MOBILIÁRIOS S.A.,INCUMBENTE,B,0,3,Santander,https://toroinvestimentos.com.br,,,,,
03502968000104,SANTANDER DISTRIBUIDORA DE TÍTULOS E VALORES MOBILIÁRIOS S.A.,INCUMBENTE,BB,0,3,Santander,https://santander.com.br,,,,,
51014223000149,SANTANDER INSTITUCIONAL CORRETORA DE CÂMBIO E VALORES MOBILIÁRIOS S.A.,INCUMBENTE,B,0,3,Santander Institucional E Valores Mobiliarios,https://targetlaw.com.br,,,,,
40333582000142,SAYGO CORRETORA DE CÂMBIO S.A.,INCUMBENTE,B,0,3,Saygo Cambio | Saygo,https://zebracambio.com.br,,,,,
11417016000110,SCANIA BANCO S.A.,INCUMBENTE,B,0,3,Scania Banco,https://scania.com,,,,,
29030467000166,SCOTIABANK BRASIL S.A. BANCO MÚLTIPLO,INCUMBENTE,B,0,3,Scotiabank Brasil S.A. Banco Multiplo,https://br.scotiabank.com,,,,,
39696805000157,SCOTIABANK BRASIL S.A. CORRETORA DE TÍTULOS E VALORES MOBILIÁRIOS,INCUMBENTE,B,0,3,Scotiabank Brasil,https://br.scotiabank.com,,,,,
07397614000106,SICOOB DISTRIBUIDORA DE TÍTULOS E VALORES MOBILIÁRIOS LTDA.,INCUMBENTE,B,0,3,Sicoob Dtvm | Sicoob,https://sicoob.com.br,,,,,
16854999000176,SINGRATUR CORRETORA DE CÂMBIO LTDA,INCUMBENTE,B,0,3,Singratur,,,,,,
17315359000150,SITA SOCIEDADE CORRETORA DE CAMBIO E VALORES MOBILIARIOS S.A,INCUMBENTE,B,0,3,Sita Sociedade E Valores Mobiliarios,,,,,,
15173776000180,SOCIAL BANK BANCO MÚLTIPLO S/A,INCUMBENTE,BB,0,3,Social Bank Banco Multiplo,https://socialbank.com.br,,,,,
08520517000113,SOL CORRETORA DE CÂMBIO S.A.,INCUMBENTE,B,0,3,Sol Corretora,https://solcorretora.com.br,,,,,
59394633000174,SRM DISTRIBUIDORA DE TÍTULOS E VALORES MOBILIÁRIOS LTDA.,INCUMBENTE,BB,0,3,,https://srmasset.com,,,,,
09274232000102,STATE STREET BRASIL S.A. - BANCO COMERCIAL,INCUMBENTE,B,0,3,State Street Brasil S.A. - Banco Comercial,https://statestreet.com,,,,,
62090873000190,STONEX DISTRIBUIDORA DE TÍTULOS E VALORES MOBILIÁRIOS LTDA.,INCUMBENTE,BB,0,3,Stonex Dtvm | Stonex,https://stonex.com,,,,,
32206435000183,SUL AMERICA INVESTIMENTOS DISTRIBUIDORA DE TITULOS E VALORES MOBILIARIOS S.A.,INCUMBENTE,B,0,3,Sul America Investimentos,https://sulamerica.com.br,,,,,
03751794000113,TERRA INVESTIMENTOS DISTRIBUIDORA DE TÍTULOS E VALORES MOBILIÁRIOS LTDA.,INCUMBENTE,BB,0,3,Terra Investimentos,https://terrainvestimentos.com.br,,,,,
03384738000198,TIVIO CAPITAL DISTRIBUIDORA DE TÍTULOS E VALORES MOBILIÁRIOS S.A.,INCUMBENTE,B,0,3,Tivio Capital,https://tivio.com,,,,,
02276653000123,TRINUS CAPITAL DISTRIBUIDORA DE TÍTULOS E VALORES MOBILIÁRIOS S.A.,INCUMBENTE,B,0,3,Trinus Investimentos | Trinus Capital,https://trinusco.com.br,,,,,
30183111000141,TROCKA CORRETORA DE CAMBIO LTDA.,INCUMBENTE,B,0,3,Trocka,https://trocka.com,,,,,
61747085000160,TULLETT PREBON BRASIL CORRETORA DE VALORES E CÂMBIO LTDA,INCUMBENTE,B,0,3,Tullett Prebon Brasil Tullett Prebon E Tullett Brasil | Tullett Prebon Brasil Corretora De Valores E Cambio,https://tullettprebon.com.br,,,,,
15482499000198,TURCÂMBIO - SOCIEDADE CORRETORA DE CÂMBIO LTDA.,INCUMBENTE,B,0,3,Turcambio - Sociedade,https://turcambio.com.br,,,,,
61809182000130,UBS (BRASIL) CORRETORA DE VALORES S.A.,INCUMBENTE,B,0,3,Ubs (Brasil) Corretora De Valores,,,,,,
18520834000193,UBS BB BANCO DE INVESTIMENTO S.A.,INCUMBENTE,B,0,3,Ubs Bb Banco De Investimento,https://ubs.com,,,,,
02819125000173,"UBS BB CORRETORA DE CÂMBIO, TÍTULOS E VALORES MOBILIÁRIOS S.A.",INCUMBENTE,B,0,3,Ubs Bb Titulos E Valores Mobiliarios,https://ubs.com,,,,,
53899051000163,UNICRED DISTRIBUIDORA DE TITULOS E VALORES MOBILIARIOS LTDA,INCUMBENTE,B,0,3,Ziin Investimentos | Unicred,https://unicred.com.br,,,,,
20155248000139,UNIDA DISTRIBUIDORA DE TÍTULOS E VALORES MOBILIÁRIOS LTDA.,INCUMBENTE,B,0,3,Unida,https://unidadtvm.com.br,,,,,
48967968000118,VERT DISTRIBUIDORA DE TÍTULOS E VALORES MOBILIÁRIOS LTDA,INCUMBENTE,BB,0,3,Vert,https://vert-capital.com,,,,,
14388516000160,VIC-DISTRIBUIDORA DE TITULOS E VALORES MOBILIARIOS S/A,INCUMBENTE,B,0,3,,https://vicdtvm.com.br,,,,,
17772370000140,VIPS CORRETORA DE CÂMBIO S.A.,INCUMBENTE,B,0,3,Vip'S Corretora | Vips,https://vipscambio.com.br,,,,,
38429045000159,VIS DISTRIBUIDORA DE TÍTULOS E VALORES MOBILIÁRIOS LTDA,INCUMBENTE,B,0,3,Vis Dtvm,https://visdtvm.com.br,,,,,
34711571000156,VITREO DISTRIBUIDORA DE TÍTULOS E VALORES MOBILIÁRIOS S.A.,INCUMBENTE,B,0,3,Vitreo,https://vitreo.com.br,,,,,
22610500000188,VORTX DISTRIBUIDORA DE TITULOS E VALORES MOBILIARIOS LTDA.,INCUMBENTE,BB,0,3,Vortx,https://vortx.com.br,,,,,
64835226000195,VR DISTRIBUIDORA DE TÍTULOS E VALORES MOBILIÁRIOS LTDA.,INCUMBENTE,B,0,3,,https://vr.com.br,,,,,
15227994000150,VX PAVARINI DISTRIBUIDORA DE TÍTULOS E VALORES MOBILIÁRIOS LTDA,INCUMBENTE,BB,0,3,Vx Pavarini,https://vortx.com.br,,,,,
92875780000131,WARREN CORRETORA DE VALORES MOBILIÁRIOS E CÂMBIO LTDA.,INCUMBENTE,BB,0,3,Warren Corretora De Valores Mobiliarios E Cambio,https://warren.com.br,,,,,
62287735000103,WARREN RENA DISTRIBUIDORA DE TÍTULOS E VALORES MOBILIÁRIOS LTDA,INCUMBENTE,BB,0,3,Renascenca | Warren Rena,https://warren.com.br,,,,,
47631123000194,WEALTH HIGH GOVERNANCE DISTRIBUIDORA DE TÍTULOS E VALORES MOBILIÁRIOS S.A.,INCUMBENTE,B,0,3,Wealth High Governance,https://whg.com.br,,,,,
13728156000135,WESTERN UNION CORRETORA DE CÂMBIO S.A.,INCUMBENTE,B,0,3,Western Union,https://westernunion.com,,,,,
36588217000101,WISE BRASIL CORRETORA DE CÂMBIO LTDA,INCUMBENTE,B,0,3,Wise Corretora | Wise Brasil,https://wise.com,,,,,
45854066000187,WNT CAPITAL DISTRIBUIDORA DE TÍTULOS E VALORES MOBILIÁRIOS S.A.,INCUMBENTE,B,0,3,Wnt Dtvm | Wnt Capital,https://wntcapital.com,,,,,
44475245000140,XP DISTRIBUIDORA DE TÍTULOS E VALORES MOBILIÁRIOS LTDA.,INCUMBENTE,B,0,3,,https://xpi.com.br,,,,,
02332886000104,"XP INVESTIMENTOS CORRETORA DE CÂMBIO,TÍTULOS E VALORES MOBILIÁRIOS S/A",INCUMBENTE,B,0,3,Xp Investimentos Cctvm | Xp Investimentos Titulos E Valores Mobiliarios,https://xpi.com.br,,,,,
65505918000138,XTB BRASIL DISTRIBUIDORA DE TÍTULOS E VALORES MOBILIÁRIOS LTDA.,INCUMBENTE,BB,0,3,Xtb Brasil,https://lighthousebr.com,,,,,
74014747000135,ÁGORA CORRETORA DE TITULOS E VALORES MOBILIARIOS S.A.,INCUMBENTE,BB,0,3,Agora Ctvm | Agora,https://agorainvestimentos.com.br,,,,,
72556996000127,ÍCARO CORRETORA DE CÂMBIO LTDA,INCUMBENTE,B,0,3,Icaro,https://icarocorretora.com.br,,,,,
